sortOrder,concept_id,level_curated,parent_id,en_label,id_key,is_active,date_range,date_from,date_to,L0_en,L0_ru,L0_zh,L0_kk,L0_ky,L0_tg,L0_tk,L0_uz,H1_en,H1_ru,H1_zh,H1_kk,H1_ky,H1_tg,H1_tk,H1_uz,H2_en,H2_ru,H2_zh,H2_kk,H2_ky,H2_tg,H2_tk,H2_uz,H3_en,H3_ru,H3_zh,H3_kk,H3_ky,H3_tg,H3_tk,H3_uz,Notes_en,Notes_ru,Notes_zh,Notes_ky,Notes_tg,Notes_tk,Notes_uz,H4_en,H4_ru,H4_zh,H4_kk,H4_ky,H4_tg,H4_tk,H4_uz,Notes_kk,join_key_norm
0,,,,,,,,,,Cultural Period,Культурный период,文化时期,Мәдени кезең,Маданий мезгил,Давраи фарҳангӣ,Medeni döwür,Madaniy davr,,,,,,,,,,,,,,,,,,,,,,,,,,,,,,,,,,,,,,,,,
1,CP-1-0001,1,,Afrighid,L1|Afrighid|NA,True,305-995 CE,305,995,Cultural Period,Культурный период,文化时期,Мәдени кезең,Маданий мезгил,Давраи фарҳангӣ,Medeni döwür,Madaniy davr,Afrighid,Афригиды,阿夫里格王朝,Афригидтер,Афригиддер,Африғидҳо,Afrigid,Afrig‘iylar,,,,,,,,,,,,,,,,,,,,,,,,,,,,,,,,,L1|Afrighid|NA
2,CP-1-0003,1,,Early Antiquity,L1|Early Antiquity|NA,True,329 BCE - 265 CE,-329,265,Cultural Period,Культурный период,文化时期,Мәдени кезең,Маданий мезгил,Давраи фарҳангӣ,Medeni döwür,Madaniy davr,Early Antiquity,Ранняя античность,古典时代早期,Ерте антикалық кезең,Байыркы антикалык дуйно,Антиқаи барвақт,Irki Antiki döwri,Ilk antik davr,,,,,,,,,,,,,,,,,,,,,,,,,,,,,,,,,L1|Early Antiquity|NA
3,CP-1-0005,1,,Empire/dynasty,L1|Empire/dynasty|NA,True,,,,Cultural Period,Культурный период,文化时期,Мәдени кезең,Маданий мезгил,Давраи фарҳангӣ,Medeni döwür,Madaniy davr,Empire/dynasty,Империя / Династия,帝国/朝代,Империя / Әулет,Империя / Династия,Империя / сулола,Imperiýa/ Dinastiýa,Imperiya/sulola,,,,,,,,,,,,,,,,,,,,,,,,,,,,,,,,,L1|Empire/dynasty|NA
4,CP-2-0018,2,CP-1-0005,ACHAEMENID,L2|ACHAEMENID|Empire/dynasty,True,550BCE-330BCE,330,550,Cultural Period,Культурный период,文化时期,Мәдени кезең,Маданий мезгил,Давраи фарҳангӣ,Medeni döwür,Madaniy davr,Empire/dynasty,Империя / Династия,帝国/朝代,Империя / Әулет,Империя / Династия,Империя / сулола,Imperiýa/ Dinastiýa,Imperiya/sulola,ACHAEMENID,АХЕМЕНИДЫ,阿契美尼德,Ахеменидтер,Ахемениддер,Ҳахоманишиён,Ahemenid,AHAMONIYLAR,,,,,,,,,,,,,,,,,,,,,,,,,L2|ACHAEMENID|Empire/dynasty
5,CP-2-0019,2,CP-1-0005,CHAGATAI KHANATE,L2|CHAGATAI KHANATE|Empire/dynasty,True,1225 – 1340s CE,1225,1349,Cultural Period,Культурный период,文化时期,Мәдени кезең,Маданий мезгил,Давраи фарҳангӣ,Medeni döwür,Madaniy davr,Empire/dynasty,Империя / Династия,帝国/朝代,Империя / Әулет,Империя / Династия,Империя / сулола,Imperiýa/ Dinastiýa,Imperiya/sulola,CHAGATAI KHANATE,ЧАГАТАЙСКОЕ ХАНСТВО,察合台汗国,Шағатай хандығы,ЧАГАТАЙ ХАНДЫГЫ,Хонигарии Чағатой,Çagataý hanlygy,CHIG‘ATOY ULUSI,,,,,,,,,Empire before split,целиком,公元,Бөлүнгөнгө чейинки империя,Империя пеш аз тақсим,Bölünmezden ozal imperiýa,Emperiya bo‘linmasdan oldin Butun,,,,,,,,,,L2|CHAGATAI KHANATE|Empire/dynasty
6,CP-3-0009,3,CP-2-0019,Western Chagatai Khanate (Mawerenahr),L3|Western Chagatai Khanate (Mawerenahr)|CHAGATAI KHANATE,True,1340s–1370 CE,1340,1370,Cultural Period,Культурный период,文化时期,Мәдени кезең,Маданий мезгил,Давраи фарҳангӣ,Medeni döwür,Madaniy davr,Empire/dynasty,Империя / Династия,帝国/朝代,Империя / Әулет,Империя / Династия,Империя / сулола,Imperiýa/ Dinastiýa,Imperiya/sulola,CHAGATAI KHANATE,ЧАГАТАЙСКОЕ ХАНСТВО,察合台汗国,Шағатай хандығы,ЧАГАТАЙ ХАНДЫГЫ,Хонигарии Чағатой,Çagataý hanlygy,CHIG‘ATOY ULUSI,Western Chagatai Khanate (Mawerenahr),Мавераннахр (Западное Чагатайское ханство),西察合台汗国,Мауереннахр (Батыс Шағатай хандығы),Мавераннахр (Батыш Чагатай хандыгы),Мовароуннаҳр (Хонигарии Чағатои Ғарбӣ),Günbatar Çagataý hanlygy (Mawerenahr),Movarounnahr (G‘arbiy Chig‘atoy ulusi),,,,,,,,,,,,,,,,,L3|Western Chagatai Khanate (Mawerenahr)|CHAGATAI KHANATE
7,CP-3-0008,3,CP-2-0019,Eastern Chagatai Khanate (Moghulistan),L3|Eastern Chagatai Khanate (Moghulistan)|CHAGATAI KHANATE,True,1340s–1680s CE,1340,1689,Cultural Period,Культурный период,文化时期,Мәдени кезең,Маданий мезгил,Давраи фарҳангӣ,Medeni döwür,Madaniy davr,Empire/dynasty,Империя / Династия,帝国/朝代,Империя / Әулет,Империя / Династия,Империя / сулола,Imperiýa/ Dinastiýa,Imperiya/sulola,CHAGATAI KHANATE,ЧАГАТАЙСКОЕ ХАНСТВО,察合台汗国,Шағатай хандығы,ЧАГАТАЙ ХАНДЫГЫ,Хонигарии Чағатой,Çagataý hanlygy,CHIG‘ATOY ULUSI,Eastern Chagatai Khanate (Moghulistan),Моголистан (Восточное Чагатайское ханство),东察合台汗国,Моғолстан (Шығыс Шағатай хандығы),Моголстан (Чыгыш Чагатай хандыгы),Муғулистон (Хонигарии Чағатои Шарқӣ),Gündogar Çagataý hanlygy (Mogulistan),Mug‘uliston (Sharqiy Chig‘atoy ulusi),,,,,,,,,,,,,,,,,L3|Eastern Chagatai Khanate (Moghulistan)|CHAGATAI KHANATE
8,CP-2-0020,2,CP-1-0005,GHAZNAVID,L2|GHAZNAVID|Empire/dynasty,True,997–1186 CE,997,1186,Cultural Period,Культурный период,文化时期,Мәдени кезең,Маданий мезгил,Давраи фарҳангӣ,Medeni döwür,Madaniy davr,Empire/dynasty,Империя / Династия,帝国/朝代,Империя / Әулет,Империя / Династия,Империя / сулола,Imperiýa/ Dinastiýa,Imperiya/sulola,GHAZNAVID,ГАЗНЕВИДЫ,塞尔柱,Газневидтер,Газневиддер,Ғазнавиён,Gaznawid,G‘AZNAVIYLAR,,,,,,,,,,,,,,,,,,,,,,,,,L2|GHAZNAVID|Empire/dynasty
9,CP-2-0021,2,CP-1-0005,GRECO-BACTRIAN,L2|GRECO-BACTRIAN|Empire/dynasty,True,256 BCE–125 BCE,-256,-125,Cultural Period,Культурный период,文化时期,Мәдени кезең,Маданий мезгил,Давраи фарҳангӣ,Medeni döwür,Madaniy davr,Empire/dynasty,Империя / Династия,帝国/朝代,Империя / Әулет,Империя / Династия,Империя / сулола,Imperiýa/ Dinastiýa,Imperiya/sulola,GRECO-BACTRIAN,ГРЕКО-БАКТРИЙСКИЙ,希腊-巴克特里亚（大夏）,Грек-Бактрия патшалығы,ГРЕК-БАКТРИЯ,Юнону-Бохтар,Grek-Baktriýa,YUNON-BAQTRIYA (DAVLATI),,,,,,,,,,,,,,,,,,,,,,,,,L2|GRECO-BACTRIAN|Empire/dynasty
10,CP-2-0022,2,CP-1-0005,GREEK-MACEDONIAN,L2|GREEK-MACEDONIAN|Empire/dynasty,True,c. 331 BCE to 312 BCE,-331,-312,Cultural Period,Культурный период,文化时期,Мәдени кезең,Маданий мезгил,Давраи фарҳангӣ,Medeni döwür,Madaniy davr,Empire/dynasty,Империя / Династия,帝国/朝代,Империя / Әулет,Империя / Династия,Империя / сулола,Imperiýa/ Dinastiýa,Imperiya/sulola,GREEK-MACEDONIAN,Греко-македонский,希腊-马其顿王国时代,Грек-мақедониялық,Грек-македон,Юнону-Мақдунӣ,Grek-Makedon,YUNON-MAKEDON (DAVLATI),,,,,,,,,Preferred term in Kazakhstan for early Hellenistic,Предпочтительный термин в Казахстане для раннего эллинизма,,Казакстанда эрте эллинизм үчүн артыкчылыктуу термин,,Irki ellinçilik üçin Gazagystanda ulanylmak islenyan termin,Qozog‘istonda erta ellinizm davri uchun afzal qilingan atama,,,,,,,,,,L2|GREEK-MACEDONIAN|Empire/dynasty
11,CP-2-0023,2,CP-1-0005,HELLENISTIC,L2|HELLENISTIC|Empire/dynasty,True,c. 331 BCE to 125 BCE,-331,-125,Cultural Period,Культурный период,文化时期,Мәдени кезең,Маданий мезгил,Давраи фарҳангӣ,Medeni döwür,Madaniy davr,Empire/dynasty,Империя / Династия,帝国/朝代,Империя / Әулет,Империя / Династия,Империя / сулола,Imperiýa/ Dinastiýa,Imperiya/sulola,HELLENISTIC,ЭЛЛИНИСТИЧЕСКИЙ,希腊,Эллинистік,Эллиндик,Эллинистӣ,Ellinistik,ELLINISTIK,,,,,,,,,Maximum date range,Максимальный диапазон дат,,Максималдуу күндөр диапазону,,Maksimum sene diapazony,Maksimal sana oralig‘i,,,,,,,,,,L2|HELLENISTIC|Empire/dynasty
12,CP-2-0024,2,CP-1-0005,HEPHTHALITE,L2|HEPHTHALITE|Empire/dynasty,True,c. 440s–710 CE,440,710,Cultural Period,Культурный период,文化时期,Мәдени кезең,Маданий мезгил,Давраи фарҳангӣ,Medeni döwür,Madaniy davr,Empire/dynasty,Империя / Династия,帝国/朝代,Империя / Әулет,Империя / Династия,Империя / сулола,Imperiýa/ Dinastiýa,Imperiya/sulola,HEPHTHALITE,ЭФТАЛИТЫ,嚈哒,Эфталиттер,Эфталиттер,Ҳайтолиён,Eftalit,EFTALIYLAR,,,,,,,,,,,,,,,,,,,,,,,,,L2|HEPHTHALITE|Empire/dynasty
13,CP-2-0025,2,CP-1-0005,KUSHAN,L2|KUSHAN|Empire/dynasty,True,c. 30–375 CE,30,375,Cultural Period,Культурный период,文化时期,Мәдени кезең,Маданий мезгил,Давраи фарҳангӣ,Medeni döwür,Madaniy davr,Empire/dynasty,Империя / Династия,帝国/朝代,Империя / Әулет,Империя / Династия,Империя / сулола,Imperiýa/ Dinastiýa,Imperiya/sulola,KUSHAN,КУШАНСКИЙ,贵霜,Кушандықтар,Кушандык,КУШОНИЁН,Kuşan,KUSHON,,,,,,,,,,,,,,,,,,,,,,,,,L2|KUSHAN|Empire/dynasty
14,CP-2-0026,2,CP-1-0005,Liao Dynasty,L2|Liao Dynasty|Empire/dynasty,True,,,,Cultural Period,Культурный период,文化时期,Мәдени кезең,Маданий мезгил,Давраи фарҳангӣ,Medeni döwür,Madaniy davr,Empire/dynasty,Империя / Династия,帝国/朝代,Империя / Әулет,Империя / Династия,Империя / сулола,Imperiýa/ Dinastiýa,Imperiya/sulola,Liao Dynasty,Империя Ляо,辽,Ляо империясы,Ляо Империясы,ИМПЕРИЯИ ЛЯО,Liao Dinastiýasy,Lyao sulolasi / Kidan imperiyasi,,,,,,,,,,,,,,,,,,,,,,,,,L2|Liao Dynasty|Empire/dynasty
15,CP-2-0027,2,CP-1-0005,MONGOL,L2|MONGOL|Empire/dynasty,True,1206–1368 CE,1206,1368,Cultural Period,Культурный период,文化时期,Мәдени кезең,Маданий мезгил,Давраи фарҳангӣ,Medeni döwür,Madaniy davr,Empire/dynasty,Империя / Династия,帝国/朝代,Империя / Әулет,Империя / Династия,Империя / сулола,Imperiýa/ Dinastiýa,Imperiya/sulola,MONGOL,МОНГОЛЫ,蒙古,Моңғолдар,Монголдор,МУҒУЛҲО,Mongol,MUG‘ULLAR,,,,,,,,,,,,,,,,,,,,,,,,,L2|MONGOL|Empire/dynasty
16,CP-2-0028,2,CP-1-0005,PARTHIAN,L2|PARTHIAN|Empire/dynasty,True,247 BCE – 224 CE,-247,224,Cultural Period,Культурный период,文化时期,Мәдени кезең,Маданий мезгил,Давраи фарҳангӣ,Medeni döwür,Madaniy davr,Empire/dynasty,Империя / Династия,帝国/朝代,Империя / Әулет,Империя / Династия,Империя / сулола,Imperiýa/ Dinastiýa,Imperiya/sulola,PARTHIAN,ПАРФЯНЕ,帕提亚,Парфиялықтар,ПАРФИЯЛЫКТАР,ПОРТҲО,Parfiýa,PARFIYALIKLAR,,,,,,,,,,,,,,,,,,,,,,,,,L2|PARTHIAN|Empire/dynasty
17,CP-2-0029,2,CP-1-0005,SARMATIANS,L2|SARMATIANS|Empire/dynasty,True,,,,Cultural Period,Культурный период,文化时期,Мәдени кезең,Маданий мезгил,Давраи фарҳангӣ,Medeni döwür,Madaniy davr,Empire/dynasty,Империя / Династия,帝国/朝代,Империя / Әулет,Империя / Династия,Империя / сулола,Imperiýa/ Dinastiýa,Imperiya/sulola,SARMATIANS,САРМАТЫ,撒玛利亚,Сарматтар,Сарматтар,САРМАТИЁН,Sarmatlar,SARMATLAR,,,,,,,,,"Sarmatians flourished from c. 5th century BCE to the 4th century CE. Originating in the central parts of the Eurasian Steppe, the Sarmatians started migrating westward around the 4th and 3rd centuries BCE.","Расцвет Сарматов от V в. д.н.э. по IV в. н.э. Начиная из центральных частей Евразийской степи, Сарматы мигрировали на запад около IV -III в. д.н.э.",撒马利亚在大约公元前5世纪到公元4世纪国力繁盛。兴起于欧亚大草原，撒马利亚人于公元前4世纪到公元前3世纪开始向西迁移。,Сарматтардын өөрчүшү б. з. V-к. IV-к. чейин Евразия талаасынын борбордук бөлүктөрүнөн баштап сармат эли б. з. IV-III-к. тегерегинде батышка көчүп келишкен.,"Тарақиёти сарматҳо аз асри V то IV пеш аз милод. Сарматҳо аз қисматҳои марказии Дашти Авруосиё, тақрибан дар асрҳои IV ва III пеш аз милод ба самти ғарб муҳоҷират карданд.",Sarmatlar b.e.öň V asyrdan b.e. IV asyra çenli gülläp ösdüler. Ýewraziýa sährasynyň merkezi böleklerinden gözbaş alyp gaýdýan sarmatlar beöň 4-nji we 3-nji asyrlarda günbatara göçüp başlapdyrlar.,"Sarmatlar miloddan avvalgi V asrdan milodiy IV asrgacha gullab yashnagan. Ular miloddan avvalgi IV-III asrlarda Yevrosiyoning markaziy dashtlaridan, g‘arbga ko‘chishgan.",,,,,,,,,,L2|SARMATIANS|Empire/dynasty
18,CP-2-0030,2,CP-1-0005,SASANIAN,L2|SASANIAN|Empire/dynasty,True,224–651 CE,224,651,Cultural Period,Культурный период,文化时期,Мәдени кезең,Маданий мезгил,Давраи фарҳангӣ,Medeni döwür,Madaniy davr,Empire/dynasty,Империя / Династия,帝国/朝代,Империя / Әулет,Империя / Династия,Империя / сулола,Imperiýa/ Dinastiýa,Imperiya/sulola,SASANIAN,САСАНИДЫ,萨珊波斯,Сасанидтер,Сасаниддер,СОСОНИЁН,Sasanidler,SOSONIYLAR,,,,,,,,,,,,,,,,,,,,,,,,,L2|SASANIAN|Empire/dynasty
19,CP-2-0031,2,CP-1-0005,SELEUCID,L2|SELEUCID|Empire/dynasty,True,312 BCE – 63 BCE,-312,-63,Cultural Period,Культурный период,文化时期,Мәдени кезең,Маданий мезгил,Давраи фарҳангӣ,Medeni döwür,Madaniy davr,Empire/dynasty,Империя / Династия,帝国/朝代,Империя / Әулет,Империя / Династия,Империя / сулола,Imperiýa/ Dinastiýa,Imperiya/sulola,SELEUCID,СЕЛЕВКИДЫ,塞琉古,Селевкидтер,Селевкиддер,СЕЛЕВКИЁН,Selewkidler,SALAVKIYLAR,,,,,,,,,,,,,,,,,,,,,,,,,L2|SELEUCID|Empire/dynasty
20,CP-2-0033,2,CP-1-0005,Shaybanids,L2|Shaybanids|Empire/dynasty,True,1428-1599,1428,1599,Cultural Period,Культурный период,文化时期,Мәдени кезең,Маданий мезгил,Давраи фарҳангӣ,Medeni döwür,Madaniy davr,Empire/dynasty,Империя / Династия,帝国/朝代,Империя / Әулет,Империя / Династия,Империя / сулола,Imperiýa/ Dinastiýa,Imperiya/sulola,Shaybanids,Шейбаниды,昔班王朝,Шейбанидтер,Шейбаниддер,ШАЙБОНИЁН,Şaýbanidler,SHAYBONIYLAR,,,,,,,,,,,,,,,,,,,,,,,,,L2|Shaybanids|Empire/dynasty
21,CP-2-0032,2,CP-1-0005,SOGDIAN,L2|SOGDIAN|Empire/dynasty,True,6th century BCE to 8th century CE,-600,800,Cultural Period,Культурный период,文化时期,Мәдени кезең,Маданий мезгил,Давраи фарҳангӣ,Medeni döwür,Madaniy davr,Empire/dynasty,Империя / Династия,帝国/朝代,Империя / Әулет,Империя / Династия,Империя / сулола,Imperiýa/ Dinastiýa,Imperiya/sulola,SOGDIAN,СОГДИЙСКИЙ,粟特,Соғды,Согдийлер,СУҒДӢ,Sogdiana,SUG‘DIY,,,,,,,,,,,,,,,,,,,,,,,,,L2|SOGDIAN|Empire/dynasty
22,CP-2-0034,2,CP-1-0005,THREE KINGDOMS,L2|THREE KINGDOMS|Empire/dynasty,True,,,,Cultural Period,Культурный период,文化时期,Мәдени кезең,Маданий мезгил,Давраи фарҳангӣ,Medeni döwür,Madaniy davr,Empire/dynasty,Империя / Династия,帝国/朝代,Империя / Әулет,Империя / Династия,Империя / сулола,Imperiýa/ Dinastiýa,Imperiya/sulola,THREE KINGDOMS,Эпоха Троецарствия,三国时期,Үш патшалық дәуірі,Үч падышалык доору,АҲДИ СЕПОДШОҲӢ,Üç Patyşalyk döwri,UCH QIROLLIK DAVRI,,,,,,,,,,,,,,,,,,,,,,,,,L2|THREE KINGDOMS|Empire/dynasty
23,CP-2-0035,2,CP-1-0005,TIBETAN EMPIRE,L2|TIBETAN EMPIRE|Empire/dynasty,True,618–842 CE,618,842,Cultural Period,Культурный период,文化时期,Мәдени кезең,Маданий мезгил,Давраи фарҳангӣ,Medeni döwür,Madaniy davr,Empire/dynasty,Империя / Династия,帝国/朝代,Империя / Әулет,Империя / Династия,Империя / сулола,Imperiýa/ Dinastiýa,Imperiya/sulola,TIBETAN EMPIRE,ТИБЕТСКАЯ ИМПЕРИЯ,土蕃,Тибет империясы,Тибет империясы,ИМПЕРИЯИ ТИБЕТ,Tibet Imperiýasy,Tibet imperiyasi,,,,,,,,,,,,,,,,,,,,,,,,,L2|TIBETAN EMPIRE|Empire/dynasty
24,CP-2-0036,2,CP-1-0005,TIMURID,L2|TIMURID|Empire/dynasty,True,1370–1507 CE,1370,1507,Cultural Period,Культурный период,文化时期,Мәдени кезең,Маданий мезгил,Давраи фарҳангӣ,Medeni döwür,Madaniy davr,Empire/dynasty,Империя / Династия,帝国/朝代,Империя / Әулет,Империя / Династия,Империя / сулола,Imperiýa/ Dinastiýa,Imperiya/sulola,TIMURID,ТИМУРИДСКИЙ,贴木儿,Темір әулеті,Тимуриддер,ТЕМУРИЁН,Timuridler,TEMURIYLAR,,,,,,,,,,,,,,,,,,,,,,,,,L2|TIMURID|Empire/dynasty
25,CP-2-0037,2,CP-1-0005,TURKIC KHAGANATE,L2|TURKIC KHAGANATE|Empire/dynasty,True,552-593/603 CE,552,603,Cultural Period,Культурный период,文化时期,Мәдени кезең,Маданий мезгил,Давраи фарҳангӣ,Medeni döwür,Madaniy davr,Empire/dynasty,Империя / Династия,帝国/朝代,Империя / Әулет,Империя / Династия,Империя / сулола,Imperiýa/ Dinastiýa,Imperiya/sulola,TURKIC KHAGANATE,ТЮРКСКИЙ КАГАНАТ,突厥汗国,Түрік қағанаты,Турк кагандыгы,ҲОҚОНАТИ ТУРК,Türk Kaganaty,TURK XOQONLIGI,,,,,,,,,,,,,,,,,,,,,,,,,L2|TURKIC KHAGANATE|Empire/dynasty
26,CP-3-0023,3,CP-2-0037,EASTERN TURKIC KHAGANATE,L3|EASTERN TURKIC KHAGANATE|TURKIC KHAGANATE,True,593/603-630 CE,593,630,Cultural Period,Культурный период,文化时期,Мәдени кезең,Маданий мезгил,Давраи фарҳангӣ,Medeni döwür,Madaniy davr,Empire/dynasty,Империя / Династия,帝国/朝代,Империя / Әулет,Империя / Династия,Империя / сулола,Imperiýa/ Dinastiýa,Imperiya/sulola,TURKIC KHAGANATE,ТЮРКСКИЙ КАГАНАТ,突厥汗国,Түрік қағанаты,Турк кагандыгы,ҲОҚОНАТИ ТУРК,Türk Kaganaty,TURK XOQONLIGI,EASTERN TURKIC KHAGANATE,ВОСТОЧНО-ТЮРКСКИЙ КАГАНАТ,东突厥,ШЫҒЫС ТҮРКІ ҚАҒАНАТЫ,Чыгыш Турк Кагандыгы,ҲОҚОНАТИ ТУРКОНИ ШАРҚӢ,GÜNDOGAR TÜRKI KAGANATY,SHARQIY TURK XOQONLIGI,The Eastern Turkic Khaganate was formed at the beginning of the 7th century (593–603 CE) after the split of the Göktürk Khaganate. Subjugated by the Tang Empire in 630 CE.,Восточный Тюркский Каганат был создан в начале VII в. (593-603 н.э.) после разделение Гоктюркского каганата. Был покорен Империей Танг в 630 н.э.,突厥汗国分裂后，东突厥汗国于公元7世纪形成（公元593-603年）。公元630年，被唐朝征服。,Чыгыш Түрк кагандыгы Гоктүрк каганатынын бөлүнүшүнөн кийин (593-603-ж.) 7-к. башында түзүлгөн. 630-жылы Тан империясы тарабынан багындырылган.,Хоқонати Туркони Шарқӣ дар ибтидои асри VII (593-603 милодӣ) пас аз тақсим шудани Хоқонати Гоктурк таъсис ёфт. Онро дар соли 630 милодӣ империяи Тан забт кардааст.,Gündogar Türk Kaganaty VII asyryň başynda (b.e. 593-603-nji ýyllar) Göktürk Kaganatyndan bölünenden soň emele geldi. B.e. 630 ýylda Tang imperiýasy tarapyndan gol astyna alynyýar.,Sharqiy Turk xoqonligi VII asr boshlarida (milodiy 593—603-yillar) Koʻk turk xoqonligi boʻlinib ketganidan keyin tashkil topgan. Milodiy 630-yilda esa Tan imperiyasi tomonidan bo'ysundirilgan.,,,,,,,,,,L3|EASTERN TURKIC KHAGANATE|TURKIC KHAGANATE
27,CP-3-0024,3,CP-2-0037,WESTERN TURKIC KHAGANATE,L3|WESTERN TURKIC KHAGANATE|TURKIC KHAGANATE,True,593/603-657 CE,593,657,Cultural Period,Культурный период,文化时期,Мәдени кезең,Маданий мезгил,Давраи фарҳангӣ,Medeni döwür,Madaniy davr,Empire/dynasty,Империя / Династия,帝国/朝代,Империя / Әулет,Империя / Династия,Империя / сулола,Imperiýa/ Dinastiýa,Imperiya/sulola,TURKIC KHAGANATE,ТЮРКСКИЙ КАГАНАТ,突厥汗国,Түрік қағанаты,Турк кагандыгы,ҲОҚОНАТИ ТУРК,Türk Kaganaty,TURK XOQONLIGI,WESTERN TURKIC KHAGANATE,ЗАПАДНО-ТЮРКСКИЙ КАГАНАТ,西突厥,БАТЫС ТҮРКІ ҚАҒАНАТЫ,Батыш Турк Кагандыгы,ҲОҚОНАТИ ТУРКОНИ ҒАРБӢ,GÜNBATAR TÜRKI KAGANATY,G‘ARBIY TURK XOQONLIGI,The Western Turkic Khaganate (or Onoq Khaganate) was a Turkic khaganate formed beginning of the 7th century (593–603 CE) after the split of the Göktürk Khaganate. Subjugated by the Tang Empire in 657 CE.,Заподно-Тюркский Каганат (или каганат Онок) был Тюркским каганатом созданный в начале VII в. (593-603 н.э.) после разделении Гоктюркского каганата. Был покорен Империей Танг в 657 н.э.,突厥汗国分裂后，西突厥汗国于公元7世纪形成（公元593-603年）。公元657年，被唐朝征服。,Батыш Түрк кагандыгы (же Он-Ок кагандыгы) - Гоктүрк каганатынын бөлүнүшүнөн кийин (593-603-ж.) 7-к. башында түзүлгөн. 657-жылы Тан империясы тарабынан багындырылган.,"Хоқонати Туркони Ғарбӣ (ё Хоқонати Онок) — хоқонати туркҳо буд, ки дар ибтидои асри 7 (593-603 милодӣ) пас аз тақсим шудани Хоқонати Гоктурк таъсис ёфтааст. Онро дар соли 657 милодӣ империяи Тан забт кардааст.",Günbatar Türki Kaganaty (ýa-da Onok Kaganate) VII asyryň başynda (593–603-nji ýyllar) Göktürk Kaganaty bölünenden soň döredilen türki haganatydy. B.e. 657-nji ýylda Tang imperiýasy tarapyndan boýun egdirilipdir.,Koʻkturk xoqonligi boʻlingandan keyin Gʻarbiy Turk xoqonligi (yoki Oʻnoq xoqonligi) — VII asr boshlarida tuzilgan Turk xoqonligi. (milodiy 593-603-yillar). 657 yilda Tan imperiyasi tomonidan bosib olingan.,,,,,,,,,,L3|WESTERN TURKIC KHAGANATE|TURKIC KHAGANATE
28,CP-2-0038,2,CP-1-0005,UYGHUR KHAGANATE,L2|UYGHUR KHAGANATE|Empire/dynasty,True,744–840 CE,744,840,Cultural Period,Культурный период,文化时期,Мәдени кезең,Маданий мезгил,Давраи фарҳангӣ,Medeni döwür,Madaniy davr,Empire/dynasty,Империя / Династия,帝国/朝代,Империя / Әулет,Империя / Династия,Империя / сулола,Imperiýa/ Dinastiýa,Imperiya/sulola,UYGHUR KHAGANATE,УЙГУРСКИЙ КАГАНАТ,回鹘,Ұйғыр қағанаты,Уйгур кагандыгы,ҲОҚОНАТИ УЙҒУР,Uýgur Kaganaty,UYG‘UR XOQONLIGI,,,,,,,,,Uyghur Khaganate (or Uyghur Empire or Uighur Khaganate),Уйгурский каганат (или Уйгурская империя),突厥汗国分裂后，西突厥汗国于公元7世纪形成（公元593-603年）。公元657年，被唐朝征服。,Уйгур кагандыгы (же Уйгур империясы),Ҳоқонати Уйғурҳо (ё империяи Уйғурҳо),Uýgur Kaganaty (ýa-da Uýgur Imperiýasy),Uygʻur xoqonligi (Uygʻur imperiyasi yoki Uygʻur xoqonligi),,,,,,,,,,L2|UYGHUR KHAGANATE|Empire/dynasty
29,CP-2-0039,2,CP-1-0005,XIONGNU,L2|XIONGNU|Empire/dynasty,True,3rd century BCE to the late 1st century CE,-300,100,Cultural Period,Культурный период,文化时期,Мәдени кезең,Маданий мезгил,Давраи фарҳангӣ,Medeni döwür,Madaniy davr,Empire/dynasty,Империя / Династия,帝国/朝代,Империя / Әулет,Империя / Династия,Империя / сулола,Imperiýa/ Dinastiýa,Imperiya/sulola,XIONGNU,ХУННУ (СЮННУ),匈奴,Хунну (Сюнну),Гундар (Сюнну),ХУННҲО,Hunnu(Syunnu),HUNLAR,,,,,,,,,A tribal confederation of nomadic peoples who inhabited the eastern Eurasian Steppe from the 3rd century BCE to the late 1st century CE.,Племенная конфедерация кочевников кот. заселяли возточный Евразийский степ от III в. д.н.э. до поздного I в. н.э.,欧亚大草原东部游牧民族部落联盟，公元前3世纪-公元1世纪。,Көчмөндөрдүн уруулук конфедерациясы Чыгыш Евразия талааларын III к. б.з. ч жана I к. б.з. байырлаган,Конфедератсияи қабилаҳои бодиянишин ки аз асри III пеш аз милод то охири асри I милодӣ дар даштҳои Шарқии Авруосиё сукунат дошт,B.e.öň III b.e I asyrynyň ahyryna çenli gündogar Yewraziýa sährasynda ýaşaýan çarwa halklaryň taýpa konfederasiýasy.,Miloddan avvalgi III asrdan milodiy I asr oxirigacha Sharqiy Yevrosiyo dashtida yashagan koʻchmanchi xalqlar qabilalarining konfederatsiyasi.,,,,,,,,,,L2|XIONGNU|Empire/dynasty
30,CP-1-0002,1,,Chinese,L1|Chinese|NA,True,,,,Cultural Period,Культурный период,文化时期,Мәдени кезең,Маданий мезгил,Давраи фарҳангӣ,Medeni döwür,Madaniy davr,Chinese,,,,,,,Xitoycha,,,,,,,,,,,,,,,,,,,,,,,,,,,,,,,,,L1|Chinese|NA
31,CP-2-0014,2,CP-1-0002,Xia Dynasty,L2|Xia Dynasty|Chinese,True,2070-1600 BCE,-2070,-1600,Cultural Period,Культурный период,文化时期,Мәдени кезең,Маданий мезгил,Давраи фарҳангӣ,Medeni döwür,Madaniy davr,Chinese,,,,,,,Xitoycha,Xia Dynasty,Династия Ся,夏朝,Ся әулеті,Ся Династиясы,СУЛОЛАИ СЯ,Sia Dinastiýasy,Sya sulolasi,,,,,,,,,,,,,,,,,,,,,,,,,L2|Xia Dynasty|Chinese
32,CP-2-0008,2,CP-1-0002,Shang Dynasty,L2|Shang Dynasty|Chinese,True,1600-1046 BCE,-1600,-1046,Cultural Period,Культурный период,文化时期,Мәдени кезең,Маданий мезгил,Давраи фарҳангӣ,Medeni döwür,Madaniy davr,Chinese,,,,,,,Xitoycha,Shang Dynasty,Династия Шан,商朝,Шан әулеті,Шан Династиясы,СУЛОЛАИ ШАН,Şang Dinastiýasy,In/Shan sulolasi,,,,,,,,,,,,,,,,,,,,,,,,,L2|Shang Dynasty|Chinese
33,CP-2-0013,2,CP-1-0002,Western Zhou,L2|Western Zhou|Chinese,True,1046-771 BCE,-1046,-771,Cultural Period,Культурный период,文化时期,Мәдени кезең,Маданий мезгил,Давраи фарҳангӣ,Medeni döwür,Madaniy davr,Chinese,,,,,,,Xitoycha,Western Zhou,Западный Чжоу,西周,Батыс Чжоу,Батыш Чжоу,ЧЖОИ ҒАРБӢ,Günbatar Jou,G‘arbiy Chjou,,,,,,,,,,,,,,,,,,,,,,,,,L2|Western Zhou|Chinese
34,CP-2-0001,2,CP-1-0002,Eastern Zhou,L2|Eastern Zhou|Chinese,True,770-221 BCE,-770,-221,Cultural Period,Культурный период,文化时期,Мәдени кезең,Маданий мезгил,Давраи фарҳангӣ,Medeni döwür,Madaniy davr,Chinese,,,,,,,Xitoycha,Eastern Zhou,Восточная Чжоу,东周,Шығыс Чжоу,Чыгыш Чжоу,ЧЖОИ ШАРҚӢ,Gündogar Jou,Sharqiy Chjou,,,,,,,,,,,,,,,,,,,,,,,,,L2|Eastern Zhou|Chinese
35,CP-3-0010,3,CP-2-0001,Spring and Autumn Period,L3|Spring and Autumn Period|Eastern Zhou,True,771-476 BCE,-771,-476,Cultural Period,Культурный период,文化时期,Мәдени кезең,Маданий мезгил,Давраи фарҳангӣ,Medeni döwür,Madaniy davr,Chinese,,,,,,,Xitoycha,Eastern Zhou,Восточная Чжоу,东周,Шығыс Чжоу,Чыгыш Чжоу,ЧЖОИ ШАРҚӢ,Gündogar Jou,Sharqiy Chjou,Spring and Autumn Period,Весенний и осенний период (период Чуньцю),春秋时期,Көктем және күз кезеңі (Чуньцю кезеңі),Жаз жана күз мезгили (Чунцю мезгили),Давраи баҳор ва тирамоҳ (давраи Чунсю),Bahar we güýz döwri,Bahor va kuz davri,,,,,,,,,,,,,,,,,L3|Spring and Autumn Period|Eastern Zhou
36,CP-3-0011,3,CP-2-0001,Warring States Period,L3|Warring States Period|Eastern Zhou,True,475-221 BCE,-475,-221,Cultural Period,Культурный период,文化时期,Мәдени кезең,Маданий мезгил,Давраи фарҳангӣ,Medeni döwür,Madaniy davr,Chinese,,,,,,,Xitoycha,Eastern Zhou,Восточная Чжоу,东周,Шығыс Чжоу,Чыгыш Чжоу,ЧЖОИ ШАРҚӢ,Gündogar Jou,Sharqiy Chjou,Warring States Period,ВРАЖДУЮЩИЕ ЦАРСТВА,战国时期,Жауласқан патшалықтар,Согушуп Жаткан Падышалыктар,Давраи шоҳигариҳои ҷангӣ,Uruşýan döwletler döwri,Kurashayotgan podsholiklar davri,,,,,,,,,,,,,,,,,L3|Warring States Period|Eastern Zhou
37,CP-2-0005,2,CP-1-0002,Qin Dynasty,L2|Qin Dynasty|Chinese,True,221-206 BCE,-221,-206,Cultural Period,Культурный период,文化时期,Мәдени кезең,Маданий мезгил,Давраи фарҳангӣ,Medeni döwür,Madaniy davr,Chinese,,,,,,,Xitoycha,Qin Dynasty,Династия ЧИН,秦朝,Цин әулеті,Чин династиясы,СУЛОЛАИ ЧИН,Çin Dinastiýasy,Sin sulolasi,,,,,,,,,,,,,,,,,,,,,,,,,L2|Qin Dynasty|Chinese
38,CP-2-0003,2,CP-1-0002,Han Dynasty,L2|Han Dynasty|Chinese,True,206 BCE-220 CE,-206,220,Cultural Period,Культурный период,文化时期,Мәдени кезең,Маданий мезгил,Давраи фарҳангӣ,Medeni döwür,Madaniy davr,Chinese,,,,,,,Xitoycha,Han Dynasty,Династия ХАН,汉朝,Хань әулеті,Хан династиясы,СУЛОЛАИ ХАН,Han Dinastiýasy,Xan sulolasi,,,,,,,,,,,,,,,,,,,,,,,,,L2|Han Dynasty|Chinese
39,CP-2-0012,2,CP-1-0002,"Wei, Jin, Southern and Northern Dynasties","L2|Wei, Jin, Southern and Northern Dynasties|Chinese",True,220-580 CE,220,580,Cultural Period,Культурный период,文化时期,Мәдени кезең,Маданий мезгил,Давраи фарҳангӣ,Medeni döwür,Madaniy davr,Chinese,,,,,,,Xitoycha,"Wei, Jin, Southern and Northern Dynasties",ТРОЕЦАРСТВИЕ,魏晋南北朝时期,"Вэй, Цзинь, Оңтүстік және Солтүстік әулеттері",,СЕПОДШОҲӢ,"Üç Patyşalyk (Wei, Jin, Günorta we Demirgazyk) Dinastiýasy","Vey, Jin, Shimoliy va Janubiy sulolalar / Uch qirollik",,,,,,,,,,,,,,,,,,,,,,,,,"L2|Wei, Jin, Southern and Northern Dynasties|Chinese"
40,CP-2-0010,2,CP-1-0002,Sui,L2|Sui|Chinese,True,581–618 CE,581,618,Cultural Period,Культурный период,文化时期,Мәдени кезең,Маданий мезгил,Давраи фарҳангӣ,Medeni döwür,Madaniy davr,Chinese,,,,,,,Xitoycha,Sui,Династия СУН,隋,Сун әулеті,Сун династиясы,СУЛОЛАИ СУН,Suý Dinastiýasy,Suy xonligi,,,,,,,,,,,,,,,,,,,,,,,,,L2|Sui|Chinese
41,CP-2-0011,2,CP-1-0002,Tang,L2|Tang|Chinese,True,618–907 CE,618,907,Cultural Period,Культурный период,文化时期,Мәдени кезең,Маданий мезгил,Давраи фарҳангӣ,Medeni döwür,Madaniy davr,Chinese,,,,,,,Xitoycha,Tang,Династия ТАН,唐,Тан әулеті,Тан династиясы,СУЛОЛАИ ТАН,Tang Dinastiýasy,Tan sulolasi,,,,,,,,,,,,,,,,,,,,,,,,,L2|Tang|Chinese
42,CP-2-0002,2,CP-1-0002,Five Dynasties and Ten Kingdoms Period,L2|Five Dynasties and Ten Kingdoms Period|Chinese,True,907-979 CE,907,979,Cultural Period,Культурный период,文化时期,Мәдени кезең,Маданий мезгил,Давраи фарҳангӣ,Medeni döwür,Madaniy davr,Chinese,,,,,,,Xitoycha,Five Dynasties and Ten Kingdoms Period,Период пяти династий и десяти королевств,五代十国,Бес әулет және он патшалық дәуірі,Беш династиянын жана он Падышалыктын мезгили,АҲДИ СЕПОДШОҲӢ ВА ДАҲ ШОҲИГАРӢ,Bäş Dinastiýa we On patyşalyk döwri,Besh sulola va O‘n qirollik davri,,,,,,,,,,,,,,,,,,,,,,,,,L2|Five Dynasties and Ten Kingdoms Period|Chinese
43,CP-2-0009,2,CP-1-0002,Song Dynasty,L2|Song Dynasty|Chinese,True,960-1279 CE,960,1279,Cultural Period,Культурный период,文化时期,Мәдени кезең,Маданий мезгил,Давраи фарҳангӣ,Medeni döwür,Madaniy davr,Chinese,,,,,,,Xitoycha,Song Dynasty,Династия Сун,两宋时期,Сун әулеті,Сун династиясы,СУЛОЛАИ СУН,Song Dinastiýasy,Sun sulolasi,,,,,,,,,,,,,,,,,,,,,,,,,L2|Song Dynasty|Chinese
44,CP-2-0015,2,CP-1-0002,Yuan Dynasty,L2|Yuan Dynasty|Chinese,True,1271-1368 CE,1271,1368,Cultural Period,Культурный период,文化时期,Мәдени кезең,Маданий мезгил,Давраи фарҳангӣ,Medeni döwür,Madaniy davr,Chinese,,,,,,,Xitoycha,Yuan Dynasty,Династия юань,元朝,Юань әулеті,Юань династиясы,СУЛОЛАИ ЮАН,Yuan Dinastiýasy,Yuan sulolasi,,,,,,,,,,,,,,,,,,,,,,,,,L2|Yuan Dynasty|Chinese
45,CP-2-0004,2,CP-1-0002,Ming Dynasty,L2|Ming Dynasty|Chinese,True,1368-1644 CE,1368,1644,Cultural Period,Культурный период,文化时期,Мәдени кезең,Маданий мезгил,Давраи фарҳангӣ,Medeni döwür,Madaniy davr,Chinese,,,,,,,Xitoycha,Ming Dynasty,Династия МИН,明朝,Мин әулеті,Мин династиясы,СУЛОЛАИ ЮАН,Ming Dinastiýasy,Min sulolasi,,,,,,,,,,,,,,,,,,,,,,,,,L2|Ming Dynasty|Chinese
46,CP-2-0006,2,CP-1-0002,Qing Dynasty,L2|Qing Dynasty|Chinese,True,1636-1912 CE,1636,1912,Cultural Period,Культурный период,文化时期,Мәдени кезең,Маданий мезгил,Давраи фарҳангӣ,Medeni döwür,Madaniy davr,Chinese,,,,,,,Xitoycha,Qing Dynasty,Династия Чинг,清朝,Цин әулеті,Чинг династиясы,СУЛОЛАИ ЧИНГ,Çing Dinastiýasy,Sin sulolasi,,,,,,,,,,,,,,,,,,,,,,,,,L2|Qing Dynasty|Chinese
47,CP-2-0007,2,CP-1-0002,Republic of China,L2|Republic of China|Chinese,True,1912-1949 CE,1912,1949,Cultural Period,Культурный период,文化时期,Мәдени кезең,Маданий мезгил,Давраи фарҳангӣ,Medeni döwür,Madaniy davr,Chinese,,,,,,,Xitoycha,Republic of China,Китайская Республика,中华民国,Қытай Республикасы,Кытай Республикасы,ҶУМҲУРИИ ЧИН,Hytaý Respublikasy,Xitoy Respublikasi,,,,,,,,,,,,,,,,,,,,,,,,,L2|Republic of China|Chinese
48,CP-1-0006,1,,ISLAMIC,L1|ISLAMIC|NA,True,,,,Cultural Period,Культурный период,文化时期,Мәдени кезең,Маданий мезгил,Давраи фарҳангӣ,Medeni döwür,Madaniy davr,ISLAMIC,Исламский,伊斯兰时期,Исламдық,Ислам,,Yslam,Islom/Islomiy,,,,,,,,,,,,,,,,,,,,,,,,,,,,,,,,,L1|ISLAMIC|NA
49,CP-2-0040,2,CP-1-0006,ABBASID,L2|ABBASID|ISLAMIC,True,c. 750–1258 CE,750,1258,Cultural Period,Культурный период,文化时期,Мәдени кезең,Маданий мезгил,Давраи фарҳангӣ,Medeni döwür,Madaniy davr,ISLAMIC,Исламский,伊斯兰时期,Исламдық,Ислам,,Yslam,Islom/Islomiy,ABBASID,АББАСИДЫ,阿巴斯王朝,Аббасидтер,Аббасиддер,АББОСИЁН,Abbasidler,ABBOSIYLAR,,,,,,,,,,от 750 -1258 н.э.,约公元750-1258年,750 -1258 б. з.,аз 750 -1258 пеш аз милод.,B.e. 750-1258 ýyla,,,,,,,,,,,L2|ABBASID|ISLAMIC
50,CP-2-0041,2,CP-1-0006,EARLY ISLAMIC,L2|EARLY ISLAMIC|ISLAMIC,True,,,,Cultural Period,Культурный период,文化时期,Мәдени кезең,Маданий мезгил,Давраи фарҳангӣ,Medeni döwür,Madaniy davr,ISLAMIC,Исламский,伊斯兰时期,Исламдық,Ислам,,Yslam,Islom/Islomiy,EARLY ISLAMIC,РАННЕ-ИСЛАМСКИЙ,伊斯兰早期,Ерте исламдық кезең,Эрте-Ислам,ДАВРАИ АВВАЛИ ИСЛОМӢ,Irki Yslam döwri,ILK ISLOM (DAVRI),,,,,,,,,From the Islamic conquest to c 11th century CE,От Исламского завоевания до ок. XI в. н.э.,从伊斯兰对外征服起到约11世纪,"Исламдын басып алуусунан тарта, XI кылымга чейин",Аз истилои ислом то асри тақрибан асри XI милодӣ,Yslam basyp alyşyndan b.e. XI asyryna çenli,Islom istilosidan milodiy XI asrgacha,,,,,,,,,,L2|EARLY ISLAMIC|ISLAMIC
51,CP-2-0042,2,CP-1-0006,GHAZNAVID,L2|GHAZNAVID|ISLAMIC,True,997–1186 CE,997,1186,Cultural Period,Культурный период,文化时期,Мәдени кезең,Маданий мезгил,Давраи фарҳангӣ,Medeni döwür,Madaniy davr,ISLAMIC,Исламский,伊斯兰时期,Исламдық,Ислам,,Yslam,Islom/Islomiy,GHAZNAVID,ГАЗНЕВИДЫ,伽色尼王朝,Газневидтер,Газневиддер,ҒАЗНАВИЁН,Gaznawidler,G‘AZNAVIYLAR,,,,,,,,,,,,,,,,,,,,,,,,,L2|GHAZNAVID|ISLAMIC
52,CP-2-0043,2,CP-1-0006,KARAKHANID,L2|KARAKHANID|ISLAMIC,True,999–1211 CE,999,1211,Cultural Period,Культурный период,文化时期,Мәдени кезең,Маданий мезгил,Давраи фарҳангӣ,Medeni döwür,Madaniy davr,ISLAMIC,Исламский,伊斯兰时期,Исламдық,Ислам,,Yslam,Islom/Islomiy,KARAKHANID,КАРАХАНИДСКИЙ,喀喇汗国,Қарахан әулеті,Караханийлер,ҚАРАХАНИЁН,Garahanid,QORAXONIYLAR,,,,,,,,,Turkic dynasty that ruled in Transoxania in Central Asia. Also spelled Qarakhanids,Тюркская династия кот. властвовал в Трансоксиане в Центральной Азии.,于公元999-1211年统治中亚河间地带的突厥王朝。名称又可拼作Qarakhanids。,Борбордук Азиядагы Трансоксиананы башкарган Турк династиясы,"Сулолаи туркҳо, ки дар Мовароуннаҳр дар Осиёи Миёна хукмрон буданд. Ҳамчунин Қарахониён низ ёд шудаанд",Merkezi Aziýanyň Transoksaniýada höküm süren türki dinastiýasy. Garahanidler diýip hem ýazylýar,999-1211-yillarda Movarounnahr hududida hukmronlik qilgan turkiy sulola. Qoraxoniylar deb ham ataladi,,,,,,,,,,L2|KARAKHANID|ISLAMIC
53,CP-2-0044,2,CP-1-0006,KHWARAZMIAN,L2|KHWARAZMIAN|ISLAMIC,True,1077–1231 CE,1077,1231,Cultural Period,Культурный период,文化时期,Мәдени кезең,Маданий мезгил,Давраи фарҳангӣ,Medeni döwür,Madaniy davr,ISLAMIC,Исламский,伊斯兰时期,Исламдық,Ислам,,Yslam,Islom/Islomiy,KHWARAZMIAN,ХОРЕЗМИЙСКИЙ,花剌子模,Хорезм мемлекеті,Хорезмийлер,ХОРАЗМИЁН,Horezm,XORAZMIYLAR,,,,,,,,,,,,,,,,,,,,,,,,,L2|KHWARAZMIAN|ISLAMIC
54,CP-2-0045,2,CP-1-0006,LATE ISLAMIC,L2|LATE ISLAMIC|ISLAMIC,True,c. 11th century to 13th century CE,1001,1300,Cultural Period,Культурный период,文化时期,Мәдени кезең,Маданий мезгил,Давраи фарҳангӣ,Medeni döwür,Madaniy davr,ISLAMIC,Исламский,伊斯兰时期,Исламдық,Ислам,,Yslam,Islom/Islomiy,LATE ISLAMIC,ПОЗДНЕ-ИСЛАМСКИЙ,伊斯兰晚期,Кейінгі исламдық кезең,Кеч-Ислам,ДАВРАИ АВОХИРИ ИСЛОМӢ,Giçki Yslam döwri,SO‘NGGI ISLOM (DAVRI),,,,,,,,,,,,,,,,,,,,,,,,,L2|LATE ISLAMIC|ISLAMIC
55,CP-2-0046,2,CP-1-0006,QARAKHANID,L2|QARAKHANID|ISLAMIC,True,999–1211 CE,999,1211,Cultural Period,Культурный период,文化时期,Мәдени кезең,Маданий мезгил,Давраи фарҳангӣ,Medeni döwür,Madaniy davr,ISLAMIC,Исламский,伊斯兰时期,Исламдық,Ислам,,Yslam,Islom/Islomiy,QARAKHANID,КАРАХАНИДСКИЙ,喀喇汗国,Қарахандықтар,Караханийлер,ҚАРАХАНИЁН,Garahanid,QORAXONIYLAR,,,,,,,,,Turkic dynasty (999–1211 CE) that ruled in Transoxania in Central Asia. Also spelled Karakhanid,Тюркская династия (999-1211 н.э.) кот. властвовал в Трансоксиане в Центральной Азии.,于公元999-1211年统治中亚河间地带的突厥王朝。名称又可拼作Karakhanids。,Борбордук Азиядагы Трансоксиананы башкарган Турк династиясы ( 999-1211 б.з.),"Сулолаи туркхо (999—1211), ки дар Осиёи Миёна дар Мовароуннаҳр хукмронӣ кардаанд. Қарахониён низ ёд шудаанд.",Merkezi Aziýanyň Transoksaniýada höküm süren türki dinastiýasy (b.e. 999–1211). Garahanid diýip hem ýazylýar,999-1211-yillarda Movarounnahr hududida hukmronlik qilgan turkiy sulola. Qoraxoniylar deb ham ataladi,,,,,,,,,,L2|QARAKHANID|ISLAMIC
56,CP-2-0047,2,CP-1-0006,SAMANID,L2|SAMANID|ISLAMIC,True,819-999 CE,819,999,Cultural Period,Культурный период,文化时期,Мәдени кезең,Маданий мезгил,Давраи фарҳангӣ,Medeni döwür,Madaniy davr,ISLAMIC,Исламский,伊斯兰时期,Исламдық,Ислам,,Yslam,Islom/Islomiy,SAMANID,САМАНИДЫ,萨曼王朝,Саманидтер,Саманиддер,СОМОНИЁН,Samanid,SOMONIYLAR,,,,,,,,,"The Samanid Empire, also known as the Samanian Empire, Samanid dynasty, Samanid Emirate, or simply Samanids, ruled from 819 to 999 CE. The empire was centred in Khorasan and Transoxiana.","Империя Саманидов , или династия Саманидов, или же просто Саманиды, властвовали от 819 до 999 н.э. Центр империи был в Хоросане и Трансоксиане",萨曼王朝又称萨曼帝国，萨曼酋长国，或萨曼。公元819-999年统治呼罗珊和河间地带及周围区域。,Саманиддер империясы же Саманиддер династиясы же жөн эле Саманиддер 819-жылдан 999-жылга чейин үстөмдүк кылышкан. империянын борбору Хоросан жана Трансоксиан,"Империяи Сомониён, инчунин бо номҳои сулолаи Сомониён, Аморати Сомониён ё содда Сомониён маъруф аст, аз соли 819 то 999 мелодӣ ҳукмронӣ кардааст. Маркази империя дар Хуросон ва Мовароуннаҳр буд.","Samanidler imperiýasy, Samani imperiýasy, Samanid dinastiýasy, Samanid emirligi ýa-da ýönekeý Samanidler diýlip hem bilinýän b.e. 819-njy ýyldan 999-njy ýyla çenli höküm sürüpdir. Imperiýa Horasanda we Transoxiana merkezinde ýerleşýärdi.","Somoniylar imperiyasi, shuningdek, Somoniylar sulolasi, Somoniylar amirligi yoki oddiygina Somoniylar deb nomlanuvchi davlat, 819-yildan 999-yilgacha hukmronlik qilgan. Imperiyaning markazi Xuroson va Movarounnahr boʻlgan.",,,,,,,,,,L2|SAMANID|ISLAMIC
57,CP-2-0048,2,CP-1-0006,SELJUK,L2|SELJUK|ISLAMIC,True,1037–1194 CE,1037,1194,Cultural Period,Культурный период,文化时期,Мәдени кезең,Маданий мезгил,Давраи фарҳангӣ,Medeni döwür,Madaniy davr,ISLAMIC,Исламский,伊斯兰时期,Исламдық,Ислам,,Yslam,Islom/Islomiy,SELJUK,СЕЛЬДЖУКСКИЙ,塞尔柱王朝,Селжұқтар,Сельжуктар,САЛҶУҚИЁН,Seljuk,SALJUQIYLAR,,,,,,,,,,,,,,,,,,,,,,,,,L2|SELJUK|ISLAMIC
58,CP-2-0049,2,CP-1-0006,TAHIRID,L2|TAHIRID|ISLAMIC,True,821-873 CE,821,873,Cultural Period,Культурный период,文化时期,Мәдени кезең,Маданий мезгил,Давраи фарҳангӣ,Medeni döwür,Madaniy davr,ISLAMIC,Исламский,伊斯兰时期,Исламдық,Ислам,,Yslam,Islom/Islomiy,TAHIRID,ТАХИРИДЫ,塔希尔王朝,Тахиридтер,Тахириддер,ТОҲИРИЁН,Tahirid,TOHIRIYLAR,,,,,,,,,Effectively ruled Khorasan from 821 to 873 CE,Практически управляли между 821-873 н.э.,公元821-863年实际掌握呼罗珊地区。,Дээрлик 821-873-жылдардын ортосунда башкарылган.,Амалан байни солҳои 821-873 мелодӣ ҳукмронӣ карданд.,Aslynda 821-nji ýyldan 873-nji ýyla çenli Horasany dolandyrdy. meselem,821-873-yillarda Xurosonni samarali boshqargan,,,,,,,,,,L2|TAHIRID|ISLAMIC
59,CP-2-0050,2,CP-1-0006,UMAYYAD,L2|UMAYYAD|ISLAMIC,True,661–750 CE,661,750,Cultural Period,Культурный период,文化时期,Мәдени кезең,Маданий мезгил,Давраи фарҳангӣ,Medeni döwür,Madaniy davr,ISLAMIC,Исламский,伊斯兰时期,Исламдық,Ислам,,Yslam,Islom/Islomiy,UMAYYAD,ОМЕЙЯДЫ,倭玛亚王朝,Омайядтар,Омеяддар,УМАВИЁН,Umayad,UMMAVIYLAR,,,,,,,,,,,,,,,,,,,,,,,,,L2|UMAYYAD|ISLAMIC
60,CP-1-0007,1,,Kerder culture,L1|Kerder culture|NA,True,400-900 CE,400,900,Cultural Period,Культурный период,文化时期,Мәдени кезең,Маданий мезгил,Давраи фарҳангӣ,Medeni döwür,Madaniy davr,Kerder culture,Кердерская культура,科德尔文化,Кердері мәдениеті,Кердер маданияты,Маданияти кердер,Kerder medeniýeti,Kerder madaniyati,,,,,,,,,,,,,,,,,,,,,,,,,,,,,,,,,L1|Kerder culture|NA
61,CP-1-0008,1,,Late Antiquity,L1|Late Antiquity|NA,True,265 CE - 450 CE,265,450,Cultural Period,Культурный период,文化时期,Мәдени кезең,Маданий мезгил,Давраи фарҳангӣ,Medeni döwür,Madaniy davr,Late Antiquity,Поздняя античность,古典时代晚期,Кейінгі антикалық кезең,Кеч байыркы антикалык дуйно,Охири Антиқӣ,Giçki Antik döwri,So‘nggi antik davr,,,,,,,,,,,,,,,,,,,,,,,,,,,,,,,,,L1|Late Antiquity|NA
62,CP-1-0009,1,,Medieval,L1|Medieval|NA,True,,,,Cultural Period,Культурный период,文化时期,Мәдени кезең,Маданий мезгил,Давраи фарҳангӣ,Medeni döwür,Madaniy davr,Medieval,Средневековый,中世纪,Орта ғасырлық,Орто кылым,Асрҳои миёна,Orta asyr,O‘rta asrlar,,,,,,,,,,,,,,,,,"?From the arrival of Islam, c. 650CE to the end of the Timurid dynasty 1507 CE",?От прибытие Ислама около 650 н.э. до конца династии Тимуридов в 1507 н.э.,从伊斯兰教传入，约公元650年到贴木儿王朝末期，公元1507年。,"Исламдын келишинен тартып, болжол менен 650-жылдан тарта 1507-жылы Тимурид династиясынын аягына чейин","?Аз омадани Ислом, соли 650 то охири сулолаи Темуриён 1507 мелодӣ","Yslamyň gelmeginden, b.e. 650 ýyl töwereklerinden Timur dinastiýasynyň ahyryna 1507-nji ýyla çenli",650-yilda islomning kirib kelishidan to 1507-yil - Temuriylar sulolasining tugatilishiga qadar,,,,,,,,,,L1|Medieval|NA
63,CP-2-0051,2,CP-1-0009,EARLY MEDIEVAL,L2|EARLY MEDIEVAL|Medieval,True,,,,Cultural Period,Культурный период,文化时期,Мәдени кезең,Маданий мезгил,Давраи фарҳангӣ,Medeni döwür,Madaniy davr,Medieval,Средневековый,中世纪,Орта ғасырлық,Орто кылым,Асрҳои миёна,Orta asyr,O‘rta asrlar,EARLY MEDIEVAL,РАННЕ-СРЕДНЕВЕКЫЙ,中世纪早期,Ерте орта ғасыр,Эрте-Орто кылым,АВВАЛҲОИ АСРИ МИЁНА,Irki Orta asyrlar,ILK O‘RTA ASR,,,,,,,,,"?From the arrival of Islam, c. 650CE to the start of the Seljuk era, 1037CE","?От прибытие Ислама около 650 н.э.до начало Селджукской эры, 1037 н.э.",从伊斯兰教传入，约公元650年到塞尔柱王朝开端，公元1037年。,"Исламдын келишинен тартып, болжол менен 650-жылдан Сельджук доорунун башталышына чейин, 1037-жылга чейин","?Аз омадани Ислом, соли 650 то оғози даврони Салҷуқӣ, 1037-и милод","Yslamyň gelmeginden, ýagny b.e. 650 ýyldan Seljuk erasynyň başyna çenli, b.e. 1037 ýyla çenli",650-yilda islomning kirib kelishidan to 1037-yil - Saljuqiylar hukmronligining boshlanguniga qadar,,,,,,,,,,L2|EARLY MEDIEVAL|Medieval
64,CP-2-0052,2,CP-1-0009,LATE MEDIEVAL,L2|LATE MEDIEVAL|Medieval,True,,,,Cultural Period,Культурный период,文化时期,Мәдени кезең,Маданий мезгил,Давраи фарҳангӣ,Medeni döwür,Madaniy davr,Medieval,Средневековый,中世纪,Орта ғасырлық,Орто кылым,Асрҳои миёна,Orta asyr,O‘rta asrlar,LATE MEDIEVAL,ПОЗДНЕ-СРЕДНЕВЕКОВЫЙ,中世纪晚期,Кейінгі орта ғасыр,Кеч-Орто кылым,ОХИРҲОИ АСРИ МИЁНА,Giçki Orta asyr,RIVOJLANGAN O‘RTA ASRLAR,,,,,,,,,?From the start of the Seljuk dynasty in 1037CE to the end of the Timurid dynasty in 1507CE,?От начало династии Селджуков в 1037 н.э. до конца династии Тимуридов в 1507 н.э.,从塞尔柱王朝开端公元1037年到贴木儿王朝末尾巴1507年。,1037 жылы Сельджук династиясынын башталышынан 1507 жылы Тимурид династиясынын аягына чейин,?Аз ибтидои сулолаи Салҷуқиён дар соли 1037 то охири сулолаи Темуриён дар соли 1507,"1037-nji ýylda Seljuk dinastiýasynyň başyndan başlap, 1507-nji ýylda Timur dinastiýasynyň ahyryna çenli",1037-yil Saljuqiylar sulolasi hukmronligining boshlanishidan to 1507-yil - Temuriylar sulolasi hukmronligining so‘ngiga qadar,,,,,,,,,,L2|LATE MEDIEVAL|Medieval
65,CP-1-0010,1,,Modern,L1|Modern|NA,True,20th and 21st century,2001,2100,Cultural Period,Культурный период,文化时期,Мәдени кезең,Маданий мезгил,Давраи фарҳангӣ,Medeni döwür,Madaniy davr,Modern,Современный,现代,Қазіргі заманғы,Заманбап,Муосир,Häzirki döwür,Zamonaviy,,,,,,,,,,,,,,,,,,,,,,,,,,,,,,,,,L1|Modern|NA
66,CP-1-0011,1,,Post Medieval,L1|Post Medieval|NA,True,,,,Cultural Period,Культурный период,文化时期,Мәдени кезең,Маданий мезгил,Давраи фарҳангӣ,Medeni döwür,Madaniy davr,Post Medieval,Пост средневековье,后中世纪,Кейінгі орта ғасыр,Орто кылымдар,Пас аз асримиёнагӣ,Orta asyrlardan soňky döwür,Yangi tarix,,,,,,,,,,,,,,,,,,,,,,,,,,,,,,,,,L1|Post Medieval|NA
67,CP-1-0012,1,,Prehistoric,L1|Prehistoric|NA,True,,,,Cultural Period,Культурный период,文化时期,Мәдени кезең,Маданий мезгил,Давраи фарҳангӣ,Medeni döwür,Madaniy davr,Prehistoric,Доисторический,史前,Тарихқа дейінгі,Тарыхка чейинки,То таърихӣ,Taryhdan öňki döwür,Old tarix,,,,,,,,,,,,,,,,,,,,,,,,,,,,,,,,,L1|Prehistoric|NA
68,CP-1-0012,1,,Prehistoric,L1|Prehistoric|NA,True,,,,Cultural Period,Культурный период,文化时期,Мәдени кезең,Маданий мезгил,Давраи фарҳангӣ,Medeni döwür,Madaniy davr,Prehistoric,Доисторический,史前,Тарихқа дейінгі,Тарыхка чейинки,То таърихӣ,Taryhdan öňki döwür,Old tarix,,,,,,,,,,,,,,,,,,,,,,,,,,,,,,,,,L1|Prehistoric|NA
69,CP-2-0053,2,CP-1-0012,ANDRONOVO,L2|ANDRONOVO|Prehistoric,True,"c. 2,000-900 BCE",-2000,-900,Cultural Period,Культурный период,文化时期,Мәдени кезең,Маданий мезгил,Давраи фарҳангӣ,Medeni döwür,Madaniy davr,Prehistoric,Доисторический,史前,Тарихқа дейінгі,Тарыхка чейинки,То таърихӣ,Taryhdan öňki döwür,Old tarix,ANDRONOVO,АНДРОНОВО,安德罗诺沃,Андрон мәдениеті,Андрондук,АНДРОНОВӢ,Andronowo,ANDRONOVO,,,,,,,,,Debate over date range continue,Дебаты по датам продолжаются,持续就年代范围进行讨论,Дата диапазону боюнча талкуулар улантылууда,Баҳс дар бораи доираи сана идома дорад,Sene aralygy baradaky jedel dowam edýär,Davrlashtirish hali ham bahsli,,,,,,,,,,L2|ANDRONOVO|Prehistoric
70,CP-3-0003,3,CP-2-0053,Sintashta-Petrovka culture,L3|Sintashta-Petrovka culture|ANDRONOVO,True,"c. 2,000-1600 BCE",-2000,-1600,Cultural Period,Культурный период,文化时期,Мәдени кезең,Маданий мезгил,Давраи фарҳангӣ,Medeni döwür,Madaniy davr,Prehistoric,Доисторический,史前,Тарихқа дейінгі,Тарыхка чейинки,То таърихӣ,Taryhdan öňki döwür,Old tarix,ANDRONOVO,АНДРОНОВО,安德罗诺沃,Андрон мәдениеті,Андрондук,АНДРОНОВӢ,Andronowo,ANDRONOVO,Sintashta-Petrovka culture,Синташтинская культура/петровская культура,,Синташты мәдениеті / Петров мәдениеті,Синташтын маданияты/Петров маданияты,Маданияти Синташта/маданияти петровск,Sintaşta-Petrowka medeniýeti,Sintashti madaniyati / Petrovskiy madaniyati,Some see as precursor to Andronova culture,Некоторые считают предшественником андроновской культуры,也被视为安德罗诺沃文化的前身,Айрымдар Андронов маданиятынын башаты деп эсептешет,Баъзеҳо онро пешгузаштаи фарҳанги Андроново медонанд,Käbirleri Andronowo medeniýetinden öňki döwür hökmünde görýärler,"Shuningdek, bu Andronovo madaniyatining davomi sifatida ham qaraladi",,,,,,,,,,L3|Sintashta-Petrovka culture|ANDRONOVO
71,CP-3-0001,3,CP-2-0053,Alakul,L3|Alakul|ANDRONOVO,True,c. 1600-1400 BCE,-1600,-1400,Cultural Period,Культурный период,文化时期,Мәдени кезең,Маданий мезгил,Давраи фарҳангӣ,Medeni döwür,Madaniy davr,Prehistoric,Доисторический,史前,Тарихқа дейінгі,Тарыхка чейинки,То таърихӣ,Taryhdan öňki döwür,Old tarix,ANDRONOVO,АНДРОНОВО,安德罗诺沃,Андрон мәдениеті,Андрондук,АНДРОНОВӢ,Andronowo,ANDRONOVO,Alakul,Алакульская культура,阿拉库,Алакөл мәдениеті,Алакөл маданияты,Маданияти Алакул,Alakul,Alako‘l madaniyati,,,,,,,,,,,,,,,,,L3|Alakul|ANDRONOVO
72,CP-3-0002,3,CP-2-0053,Fedorovo,L3|Fedorovo|ANDRONOVO,True,c. 1500-1300 BCE,-1500,-1300,Cultural Period,Культурный период,文化时期,Мәдени кезең,Маданий мезгил,Давраи фарҳангӣ,Medeni döwür,Madaniy davr,Prehistoric,Доисторический,史前,Тарихқа дейінгі,Тарыхка чейинки,То таърихӣ,Taryhdan öňki döwür,Old tarix,ANDRONOVO,АНДРОНОВО,安德罗诺沃,Андрон мәдениеті,Андрондук,АНДРОНОВӢ,Andronowo,ANDRONOVO,Fedorovo,Федоровская культура,费多罗沃,Федоров мәдениеті,Федоров маданияты,Маданияти Федоровӣ,Fedorowo,Fedorovskaya madaniyati,,,,,,,,,,,,,,,,,L3|Fedorovo|ANDRONOVO
73,CP-3-0004,3,CP-2-0053,Zamaraev,L3|Zamaraev|ANDRONOVO,True,c. 1300-900 BCE,-1300,-900,Cultural Period,Культурный период,文化时期,Мәдени кезең,Маданий мезгил,Давраи фарҳангӣ,Medeni döwür,Madaniy davr,Prehistoric,Доисторический,史前,Тарихқа дейінгі,Тарыхка чейинки,То таърихӣ,Taryhdan öňki döwür,Old tarix,ANDRONOVO,АНДРОНОВО,安德罗诺沃,Андрон мәдениеті,Андрондук,АНДРОНОВӢ,Andronowo,ANDRONOVO,Zamaraev,"Замараев / Алексеевско-саргаринская, бегазы-дандыбаевская культуры",扎马拉耶夫,"Замараев / Алексеев-Сарғарин мәдениеті, Беғазы-Дәндібай мәдениеті","Замараев / Алексей-саргарин, бегазы-дандыбаев маданияты","Замараев/Алексеевск, саргарин, бегази-дандибой",Zamarayew,"Zamarev / Alekseyev-Sargarin, Beg‘ozi-Dandibay madaniyati",,,,,,,,,,,,,,,,,L3|Zamaraev|ANDRONOVO
74,CP-2-0054,2,CP-1-0012,BMAC,L2|BMAC|Prehistoric,True,c. 2400-1600 BCE,-2400,-1600,Cultural Period,Культурный период,文化时期,Мәдени кезең,Маданий мезгил,Давраи фарҳангӣ,Medeni döwür,Madaniy davr,Prehistoric,Доисторический,史前,Тарихқа дейінгі,Тарыхка чейинки,То таърихӣ,Taryhdan öňki döwür,Old tarix,BMAC,БМАК,巴克特里亚·马尔吉阿纳/阿克瑟斯,БМАК мәдениеті,,БМАК (Маданияти бостоншиносии Бохтару Марғиён),BMAK,BMAK,,,,,,,,,"Bactria–Margiana Archaeological Complex, a Bronze Age civilization of Central Asia, dated to c. 2400-1600 BCE, located in present-day northern Afghanistan, eastern Turkmenistan, southern Uzbekistan and western Tajikistan.","Бактрия-Маргианский Археологический Комплекс, Централно-Азиатская цивилизация Бронзового Века, датировано ок. 2400-1600 д.н.э., располагался в нынешней территории северного Афганистана, восточного Туркменистана, южного Узбекистана и западного Таджикистана.",巴克特里亚·马尔吉阿纳文明区，是中亚青铜时代文明，可追溯到约公元前2400-公元前1600年。位于今阿富汗北部，土库曼斯坦东部，乌兹别克斯坦南部和塔吉克斯坦西部。,"Бактрия - Маргиан археологиялык комплекси, коло доорундагы Борбордук Азия цивилизациясы, б.з.ч. 2400-1600-жылдарга таандык, азыркы Афганистандын түндүгүндө, Түркмөнстандын чыгышында, Өзбекстандын түштүгүндө жана Тажикстандын батышында жайгашкан.","Маҷмааи бостоншиносии Бохтару Марғиён, тамаддуни асри биринҷии Осиёи Марказӣ, ки ба солҳои 2400-1600 пеш аз милод тааллуқ дорад, ки дар шимоли Афғонистони имрӯза, Туркманистони шарқӣ, ҷануби Узбакистон ва ғарби Тоҷикистон воқеъ аст.","Merkezi Aziýanyň Bürünç döwrüniň siwilizasiýasy bolan Baktriya-Margiana Arheologiki Kompleksi b.e. Öň 2400-1600 töwerekleri, häzirki zaman demirgazyk Owganistanyň, günbatar Türkmenistanyň, günorta Özbegistanyň we günbatar Täjigistanyň territoriýasynda ýerleşipdir.","Baqtriya-Marg‘iyona arxeologik majmuasi, Markaziy Osiyoning bronza davri sivilizatsiyasi. Miloddan avvalgi 2400-1600-yillarga tegishli. Hozirgi Afg‘onistonning shimolida, Turkmanistonning sharqiy qismida, O‘zbekistonning janubida va Tojikistonning g‘arbiy qismida joylashgan.",,,,,,,,,,L2|BMAC|Prehistoric
75,CP-2-0055,2,CP-1-0012,BRONZE AGE,L2|BRONZE AGE|Prehistoric,True,c. 2400-900 BCE,-2400,-900,Cultural Period,Культурный период,文化时期,Мәдени кезең,Маданий мезгил,Давраи фарҳангӣ,Medeni döwür,Madaniy davr,Prehistoric,Доисторический,史前,Тарихқа дейінгі,Тарыхка чейинки,То таърихӣ,Taryhdan öňki döwür,Old tarix,BRONZE AGE,БРОНЗОВЫЙ ВЕК,青铜时代,Қола дәуірі,Коло Доору,АСРИ БИРИНҶӢ,Bürünç asyry,JEZ DAVRI / BRONZA ASRI,,,,,,,,,,,,,,,,,,,,,,,,,L2|BRONZE AGE|Prehistoric
76,CP-3-0005,3,CP-2-0055,EARLY BRONZE AGE,L3|EARLY BRONZE AGE|BRONZE AGE,True,,,,Cultural Period,Культурный период,文化时期,Мәдени кезең,Маданий мезгил,Давраи фарҳангӣ,Medeni döwür,Madaniy davr,Prehistoric,Доисторический,史前,Тарихқа дейінгі,Тарыхка чейинки,То таърихӣ,Taryhdan öňki döwür,Old tarix,BRONZE AGE,БРОНЗОВЫЙ ВЕК,青铜时代,Қола дәуірі,Коло Доору,АСРИ БИРИНҶӢ,Bürünç asyry,JEZ DAVRI / BRONZA ASRI,EARLY BRONZE AGE,РАННИЙ БРОНЗОВЫЙ ВЕК,青铜时代早期,ЕРТЕ ҚОЛА ДӘУІРІ,Эрте Коло Доору,ИБТИДОИ АСРИ БИРИНҶӢ,IRKI BÜRÜNÇ ASYRY,ILK JEZ DAVRI / ILK BRONZA DAVRI,,,,,,,,,,,,,,,,,L3|EARLY BRONZE AGE|BRONZE AGE
77,CP-3-0006,3,CP-2-0055,LATE BRONZE AGE,L3|LATE BRONZE AGE|BRONZE AGE,True,,,,Cultural Period,Культурный период,文化时期,Мәдени кезең,Маданий мезгил,Давраи фарҳангӣ,Medeni döwür,Madaniy davr,Prehistoric,Доисторический,史前,Тарихқа дейінгі,Тарыхка чейинки,То таърихӣ,Taryhdan öňki döwür,Old tarix,BRONZE AGE,БРОНЗОВЫЙ ВЕК,青铜时代,Қола дәуірі,Коло Доору,АСРИ БИРИНҶӢ,Bürünç asyry,JEZ DAVRI / BRONZA ASRI,LATE BRONZE AGE,ПОЗДНИЙ БРОНЗОВЫЙ ВЕК,青铜时代晚期,КЕЙІНГІ ҚОЛА ДӘУІРІ,Кеч Коло Доору,ОХИРИ АСРИ БИРИНҶӢ,GIÇKI BÜRÜNÇ ASYRY,SO`NGGI JEZ DAVRI / SO‘NGGI BRONZA DAVRI,,,,,,,,,,,,,,,,,L3|LATE BRONZE AGE|BRONZE AGE
78,CP-3-0007,3,CP-2-0055,MIDDLE BRONZE AGE,L3|MIDDLE BRONZE AGE|BRONZE AGE,True,,,,Cultural Period,Культурный период,文化时期,Мәдени кезең,Маданий мезгил,Давраи фарҳангӣ,Medeni döwür,Madaniy davr,Prehistoric,Доисторический,史前,Тарихқа дейінгі,Тарыхка чейинки,То таърихӣ,Taryhdan öňki döwür,Old tarix,BRONZE AGE,БРОНЗОВЫЙ ВЕК,青铜时代,Қола дәуірі,Коло Доору,АСРИ БИРИНҶӢ,Bürünç asyry,JEZ DAVRI / BRONZA ASRI,MIDDLE BRONZE AGE,СРЕДНИЙ БРОНЗОВЫЙ ВЕК,青铜时代中期,ОРТАҢҒЫ ҚОЛА ДӘУІРІ,Орто Коло Доору,АСРИ БИРИНҶИИ МИЁНА,ORTA BÜRÜNÇ ASYRY,O‘RTA JEZ DAVRI / O‘RTA BRONZA DAVRI,,,,,,,,,,,,,,,,,L3|MIDDLE BRONZE AGE|BRONZE AGE
79,CP-2-0056,2,CP-1-0012,CHALCOLITHIC/ENEOLITHIC,L2|CHALCOLITHIC/ENEOLITHIC|Prehistoric,True,c. 2500–2000 BCE,-2500,-2000,Cultural Period,Культурный период,文化时期,Мәдени кезең,Маданий мезгил,Давраи фарҳангӣ,Medeni döwür,Madaniy davr,Prehistoric,Доисторический,史前,Тарихқа дейінгі,Тарыхка чейинки,То таърихӣ,Taryhdan öňki döwür,Old tarix,CHALCOLITHIC/ENEOLITHIC,ХАЛКОЛИТ/ЭНЕОЛИТ,铜石并用时代/红铜时代,Халколит/Энеолит,ХАЛКОЛИТ/ЭНЕОЛИТ,ХАЛКОЛИТ/ЭНЕОЛИТ,HALKOLITIK / ENEOLITIK,ENEOLIT,,,,,,,,,"Transitional period between the Neolithic and the Bronze Age, during which the earliest metallic (copper) artifacts appeared; also sometimes called Copper Age. c. 2500–2000 BCE.","Переходной период между Неолитом и Бронзовым Веком, в течении которого появились самые ранние металлические (медь) артефакты; иногда также называется Медный Век. ок. 2500-2000 д.н.э.",新石器时代到青铜时代的过渡时期，此时期出现最早的金属（红铜）器物。有时也被称为红铜时代。公元前2500-2000年。,"Неолит жана коло доорунун ортосундагы өткөөл мезгил, анын учурунда эң алгачкы металл (жез) артефакттар пайда болгон; кээде жез доору деп да аталат. биздин заманга чейинки 2500-2000-жылдар.","Давраи гузариш байни давраи неолит ва асри биринҷӣ, ки дар ин давра қадимтарин осори металлӣ (мисӣ) пайдо шудаанд; баъзан асри мис низ номида мешавад. в. 2500–2000 пеш аз милод.",Neolitik we Bürünç döwürleri arasyndaky geçiş döwri arasynda metal (mis) artefaktlary ýüze çykan; şeýle hem b.e.öň 2500-2000 töweregi käwägt Mis döwri diýip atlandyrylýar.,"Neolitdan jez/bronza asriga o‘tish davri, bu davrda eng qadimgi metall (mis) buyumlar paydo bo'ldi. Ba'zan mis davri deb ataladi. Miloddan avvalgi 2500-2000 yillar.",,,,,,,,,,L2|CHALCOLITHIC/ENEOLITHIC|Prehistoric
80,CP-2-0057,2,CP-1-0012,EARLY PREHISTORIC,L2|EARLY PREHISTORIC|Prehistoric,True,,,,Cultural Period,Культурный период,文化时期,Мәдени кезең,Маданий мезгил,Давраи фарҳангӣ,Medeni döwür,Madaniy davr,Prehistoric,Доисторический,史前,Тарихқа дейінгі,Тарыхка чейинки,То таърихӣ,Taryhdan öňki döwür,Old tarix,EARLY PREHISTORIC,РАННИЙ ДОИСТОРИЧЕСКИЙ,史前早期,Ерте тарихқа дейінгі дәуір,Тарыхка чейинки,АВВАЛИ ТО-ТАЪРИХӢ,IRKI TARYHDAN ÖŇKI DÖWÜR,ILK OLD TARIX,,,,,,,,,,,,,,,,,,,,,,,,,L2|EARLY PREHISTORIC|Prehistoric
81,CP-2-0058,2,CP-1-0012,IRON AGE,L2|IRON AGE|Prehistoric,True,c. 900-650 BCE,-900,-650,Cultural Period,Культурный период,文化时期,Мәдени кезең,Маданий мезгил,Давраи фарҳангӣ,Medeni döwür,Madaniy davr,Prehistoric,Доисторический,史前,Тарихқа дейінгі,Тарыхка чейинки,То таърихӣ,Taryhdan öňki döwür,Old tarix,IRON AGE,ЖЕЛЕЗНЫЙ ВЕК,铁器时代,Темір дәуірі,Темир Доору,АСРИ ОҲАН,DEMIR ASYRY,TEMIR DAVRI,,,,,,,,,,,,,,,,,,,,,,,,,L2|IRON AGE|Prehistoric
82,CP-3-0012,3,CP-2-0058,EARLY IRON AGE,L3|EARLY IRON AGE|IRON AGE,True,,,,Cultural Period,Культурный период,文化时期,Мәдени кезең,Маданий мезгил,Давраи фарҳангӣ,Medeni döwür,Madaniy davr,Prehistoric,Доисторический,史前,Тарихқа дейінгі,Тарыхка чейинки,То таърихӣ,Taryhdan öňki döwür,Old tarix,IRON AGE,ЖЕЛЕЗНЫЙ ВЕК,铁器时代,Темір дәуірі,Темир Доору,АСРИ ОҲАН,DEMIR ASYRY,TEMIR DAVRI,EARLY IRON AGE,РАННИЙ ЖЕЛЕЗНЫЙ ВЕК,铁器时代早期,ЕРТЕ ТЕМІР ДӘУІРІ,Эрте Темир Доору,ИБТИДОИ АСРИ ОҲАН,IRKI DEMIR ASYRY,Ilk temir davri,,,,,,,,,,,,,,,,,L3|EARLY IRON AGE|IRON AGE
83,CP-3-0013,3,CP-2-0058,LATE IRON AGE,L3|LATE IRON AGE|IRON AGE,True,,,,Cultural Period,Культурный период,文化时期,Мәдени кезең,Маданий мезгил,Давраи фарҳангӣ,Medeni döwür,Madaniy davr,Prehistoric,Доисторический,史前,Тарихқа дейінгі,Тарыхка чейинки,То таърихӣ,Taryhdan öňki döwür,Old tarix,IRON AGE,ЖЕЛЕЗНЫЙ ВЕК,铁器时代,Темір дәуірі,Темир Доору,АСРИ ОҲАН,DEMIR ASYRY,TEMIR DAVRI,LATE IRON AGE,ПОЗДНИЙ ЖЕЛЕЗНЫЙ ВЕК,铁器时代晚期,КЕЙІНГІ ТЕМІР ДӘУІРІ,Кеч Темир Доору,ОХИРИ АСРИ ОҲАН,GIÇKI DEMIR ASYRY,So‘nggi temir davri,,,,,,,,,,,,,,,,,L3|LATE IRON AGE|IRON AGE
84,CP-3-0014,3,CP-2-0058,MIDDLE IRON AGE,L3|MIDDLE IRON AGE|IRON AGE,True,,,,Cultural Period,Культурный период,文化时期,Мәдени кезең,Маданий мезгил,Давраи фарҳангӣ,Medeni döwür,Madaniy davr,Prehistoric,Доисторический,史前,Тарихқа дейінгі,Тарыхка чейинки,То таърихӣ,Taryhdan öňki döwür,Old tarix,IRON AGE,ЖЕЛЕЗНЫЙ ВЕК,铁器时代,Темір дәуірі,Темир Доору,АСРИ ОҲАН,DEMIR ASYRY,TEMIR DAVRI,MIDDLE IRON AGE,СРЕДНИЙ ЖЕЛЕЗНЫЙ ВЕК,铁器时代中期,ОРТАҢҒЫ ТЕМІР ДӘУІРІ,Орто Темир Доору,АСРИ ОҲАНИ МИЁНА,ORTA DEMIR ASYRY,O‘rta temir davri,,,,,,,,,,,,,,,,,L3|MIDDLE IRON AGE|IRON AGE
85,CP-2-0059,2,CP-1-0012,LATER PREHISTORIC,L2|LATER PREHISTORIC|Prehistoric,True,,,,Cultural Period,Культурный период,文化时期,Мәдени кезең,Маданий мезгил,Давраи фарҳангӣ,Medeni döwür,Madaniy davr,Prehistoric,Доисторический,史前,Тарихқа дейінгі,Тарыхка чейинки,То таърихӣ,Taryhdan öňki döwür,Old tarix,LATER PREHISTORIC,ПОЗДНИЙ ДОИСТОРИЧЕСКИЙ,史前晚期,Кейінгі тарихқа дейінгі дәуір,Кеч тарыхка чейинки,ОХИРИ ТО-ТАЪРИХӢ,GIÇKI TARYHDAN ÖŇKI DÖWÜR,SO‘NGGI OLD TARIX,,,,,,,,,,,,,,,,,,,,,,,,,L2|LATER PREHISTORIC|Prehistoric
86,CP-2-0060,2,CP-1-0012,MESOLITHIC,L2|MESOLITHIC|Prehistoric,True,"c. 14,000-6,500 BCE",-14000,-6500,Cultural Period,Культурный период,文化时期,Мәдени кезең,Маданий мезгил,Давраи фарҳангӣ,Medeni döwür,Madaniy davr,Prehistoric,Доисторический,史前,Тарихқа дейінгі,Тарыхка чейинки,То таърихӣ,Taryhdan öňki döwür,Old tarix,MESOLITHIC,МЕЗОЛИТ,中石器时代,Мезолит,МЕЗОЛИТ,МЕЗОЛИТ,MEZOLIT,MEZOLIT,,,,,,,,,,,,,,,,,,,,,,,,,L2|MESOLITHIC|Prehistoric
87,CP-3-0015,3,CP-2-0060,Early Mesolithic,L3|Early Mesolithic|MESOLITHIC,True,"c. 14,000-10,000 BCE",-14000,-10000,Cultural Period,Культурный период,文化时期,Мәдени кезең,Маданий мезгил,Давраи фарҳангӣ,Medeni döwür,Madaniy davr,Prehistoric,Доисторический,史前,Тарихқа дейінгі,Тарыхка чейинки,То таърихӣ,Taryhdan öňki döwür,Old tarix,MESOLITHIC,МЕЗОЛИТ,中石器时代,Мезолит,МЕЗОЛИТ,МЕЗОЛИТ,MEZOLIT,MEZOLIT,Early Mesolithic,Ранний мезолит,中石器时代早期,Ерте мезолит,Эрте Мезолит,Ибтидои мезолит,IRKI MEZOLIT,Ilk mezolit,,,,,,,,,,,,,,,,,L3|Early Mesolithic|MESOLITHIC
88,CP-3-0016,3,CP-2-0060,Late Mesolithic,L3|Late Mesolithic|MESOLITHIC,True,"c. 10,00-6,500 BCE",-6500,-1000,Cultural Period,Культурный период,文化时期,Мәдени кезең,Маданий мезгил,Давраи фарҳангӣ,Medeni döwür,Madaniy davr,Prehistoric,Доисторический,史前,Тарихқа дейінгі,Тарыхка чейинки,То таърихӣ,Taryhdan öňki döwür,Old tarix,MESOLITHIC,МЕЗОЛИТ,中石器时代,Мезолит,МЕЗОЛИТ,МЕЗОЛИТ,MEZOLIT,MEZOLIT,Late Mesolithic,Поздний мезолит,中石器时代晚期,Кейінгі мезолит,Кеч Мезолит,Охири мезолит,GIÇKI MEZOLIT,So‘nggi mezolit,,,,,,,,,,,,,,,,,L3|Late Mesolithic|MESOLITHIC
89,CP-2-0061,2,CP-1-0012,NEOLITHIC,L2|NEOLITHIC|Prehistoric,True,"c. 6,500-2,500 BCE",-6500,-2500,Cultural Period,Культурный период,文化时期,Мәдени кезең,Маданий мезгил,Давраи фарҳангӣ,Medeni döwür,Madaniy davr,Prehistoric,Доисторический,史前,Тарихқа дейінгі,Тарыхка чейинки,То таърихӣ,Taryhdan öňki döwür,Old tarix,NEOLITHIC,НЕОЛИТ,新石器时代,Неолит,НЕОЛИТ,НЕОЛИТ,NEOLIT,NEOLIT,,,,,,,,,,,,,,,,,,,,,,,,,L2|NEOLITHIC|Prehistoric
90,CP-3-0017,3,CP-2-0061,EARLY NEOLITHIC,L3|EARLY NEOLITHIC|NEOLITHIC,True,"c. 6,500-5,000 BCE",-6500,-5000,Cultural Period,Культурный период,文化时期,Мәдени кезең,Маданий мезгил,Давраи фарҳангӣ,Medeni döwür,Madaniy davr,Prehistoric,Доисторический,史前,Тарихқа дейінгі,Тарыхка чейинки,То таърихӣ,Taryhdan öňki döwür,Old tarix,NEOLITHIC,НЕОЛИТ,新石器时代,Неолит,НЕОЛИТ,НЕОЛИТ,NEOLIT,NEOLIT,EARLY NEOLITHIC,РАННИЙ НЕОЛИТ,新石器时代早期,ЕРТЕ НЕОЛИТ,Эрте Неолит,ИБТИДОИ НЕОЛИТ,IRKI NEOLIT,Ilk neolit,,,,,,,,,,,,,,,,,L3|EARLY NEOLITHIC|NEOLITHIC
91,CP-3-0018,3,CP-2-0061,LATE NEOLITHIC,L3|LATE NEOLITHIC|NEOLITHIC,True,"c. 4,000-2,500 BCE",-4000,-2500,Cultural Period,Культурный период,文化时期,Мәдени кезең,Маданий мезгил,Давраи фарҳангӣ,Medeni döwür,Madaniy davr,Prehistoric,Доисторический,史前,Тарихқа дейінгі,Тарыхка чейинки,То таърихӣ,Taryhdan öňki döwür,Old tarix,NEOLITHIC,НЕОЛИТ,新石器时代,Неолит,НЕОЛИТ,НЕОЛИТ,NEOLIT,NEOLIT,LATE NEOLITHIC,ПОЗДНИЙ НЕОЛИТ,新石器时代晚期,КЕЙІНГІ НЕОЛИТ,Кеч Неолит,ОХИРИ НЕОЛИТ,GIÇKI NEOLIT,So‘nggi neolit,,,,,,,,,,,,,,,,,L3|LATE NEOLITHIC|NEOLITHIC
92,CP-3-0019,3,CP-2-0061,MIDDLE NEOLITHIC,L3|MIDDLE NEOLITHIC|NEOLITHIC,True,"c. 5,000-4,000 BCE",-5000,-4000,Cultural Period,Культурный период,文化时期,Мәдени кезең,Маданий мезгил,Давраи фарҳангӣ,Medeni döwür,Madaniy davr,Prehistoric,Доисторический,史前,Тарихқа дейінгі,Тарыхка чейинки,То таърихӣ,Taryhdan öňki döwür,Old tarix,NEOLITHIC,НЕОЛИТ,新石器时代,Неолит,НЕОЛИТ,НЕОЛИТ,NEOLIT,NEOLIT,MIDDLE NEOLITHIC,СРЕДНИЙ НЕОЛИТ,新石器时代中期,ОРТАҢҒЫ НЕОЛИТ,Орто Yеолит,НЕОЛИТИ МИЁНА,ORTA NEOLIT,O‘rta neolit,,,,,,,,,,,,,,,,,L3|MIDDLE NEOLITHIC|NEOLITHIC
93,CP-2-0062,2,CP-1-0012,PALAEOLITHIC,L2|PALAEOLITHIC|Prehistoric,True,"c. 1,500,000-16,000 BP",-1498050,-14050,Cultural Period,Культурный период,文化时期,Мәдени кезең,Маданий мезгил,Давраи фарҳангӣ,Medeni döwür,Madaniy davr,Prehistoric,Доисторический,史前,Тарихқа дейінгі,Тарыхка чейинки,То таърихӣ,Taryhdan öňki döwür,Old tarix,PALAEOLITHIC,ПАЛЕОЛИТ,旧石器时代,Палеолит,ПАЛЕОЛИТ,ПАЛЕОЛИТ,PALEOLIT,PALEOLIT,,,,,,,,,"Human activity in Central Asia from 1.5 to 1 million years ago, to the 10th millennia BCE","Человеческая деятельность в Центральной Азии начиная с 1-1,5 млн. лет назад до 10-го тысячелетие д.н.э.",人类在中亚的活动从150万年前到100万年前，到公元前10万年,"Борбордук Азиядагы адам баласынын ишмердүүлүгү 1,5 миллиондон 1 миллион жыл мурун, биздин заманга чейинки 10 миң жылдыкка чейин","Фаъолияти инсон дар Осиёи Миёна аз 1-1,5 миллион сол пеш то ҳазораи 10 пеш аз милод.","B.e.öň 1,5 million ýyldan başlap 1 millon ýyla çenli, 10-njy müňýyllyga çenli Merkezi Aziýada adamzat hereketi","Oʻrta Osiyoda 1-1,5 million yil avvaldan miloddan avvalgi 10-ming yilliklargacha boʻlgan inson faoliyati.",,,,,,,,,,L2|PALAEOLITHIC|Prehistoric
94,CP-3-0020,3,CP-2-0062,LOWER PALAEOLITHIC,L3|LOWER PALAEOLITHIC|PALAEOLITHIC,True,"c. 1,500,000-300,000 BP",-1498050,-298050,Cultural Period,Культурный период,文化时期,Мәдени кезең,Маданий мезгил,Давраи фарҳангӣ,Medeni döwür,Madaniy davr,Prehistoric,Доисторический,史前,Тарихқа дейінгі,Тарыхка чейинки,То таърихӣ,Taryhdan öňki döwür,Old tarix,PALAEOLITHIC,ПАЛЕОЛИТ,旧石器时代,Палеолит,ПАЛЕОЛИТ,ПАЛЕОЛИТ,PALEOLIT,PALEOLIT,LOWER PALAEOLITHIC,НИЖНИЙ ПАЛЕОЛИТ,旧石器时代早期,ТӨМЕНГІ ПАЛЕОЛИТ,Төмөнкү Палеолит,ПАЛЕОЛИТИ ПОЁН,AŞAKY PALEOLIT,Ilk paleolit,,,,,,,,,,,,,,,,,L3|LOWER PALAEOLITHIC|PALAEOLITHIC
95,CP-3-0021,3,CP-2-0062,MIDDLE PALAEOLITHIC,L3|MIDDLE PALAEOLITHIC|PALAEOLITHIC,True,"c. 300,000-45,000 BP",-298050,-43050,Cultural Period,Культурный период,文化时期,Мәдени кезең,Маданий мезгил,Давраи фарҳангӣ,Medeni döwür,Madaniy davr,Prehistoric,Доисторический,史前,Тарихқа дейінгі,Тарыхка чейинки,То таърихӣ,Taryhdan öňki döwür,Old tarix,PALAEOLITHIC,ПАЛЕОЛИТ,旧石器时代,Палеолит,ПАЛЕОЛИТ,ПАЛЕОЛИТ,PALEOLIT,PALEOLIT,MIDDLE PALAEOLITHIC,СРЕДНИЙ ПАЛЕОЛИТ,旧石器时代中期,ОРТАҢҒЫ ПАЛЕОЛИТ,Орто Палеолит,ПАЛЕОЛИТИ МИЁНА,ORTA PALEOLIT,O‘rta paleolit,,,,,,,,,,,,,,,,,L3|MIDDLE PALAEOLITHIC|PALAEOLITHIC
96,CP-3-0022,3,CP-2-0062,UPPER PALAEOLITHIC,L3|UPPER PALAEOLITHIC|PALAEOLITHIC,True,"c. 50,000-16,000 BP",-48050,-14050,Cultural Period,Культурный период,文化时期,Мәдени кезең,Маданий мезгил,Давраи фарҳангӣ,Medeni döwür,Madaniy davr,Prehistoric,Доисторический,史前,Тарихқа дейінгі,Тарыхка чейинки,То таърихӣ,Taryhdan öňki döwür,Old tarix,PALAEOLITHIC,ПАЛЕОЛИТ,旧石器时代,Палеолит,ПАЛЕОЛИТ,ПАЛЕОЛИТ,PALEOLIT,PALEOLIT,UPPER PALAEOLITHIC,ВЕРХНИЙ ПАЛЕОЛИТ,旧石器时代晚期,ЖОҒАРҒЫ ПАЛЕОЛИТ,Жогорку Палеолит,ПАЛЕОЛИТИ БОЛО,YOKARKY PALEOLIT,So‘nggi paleolit,,,,,,,,,,,,,,,,,L3|UPPER PALAEOLITHIC|PALAEOLITHIC
97,CP-1-0016,1,,Scythian,L1|Scythian|NA,True,c. 900-300 CE,300,900,Cultural Period,Культурный период,文化时期,Мәдени кезең,Маданий мезгил,Давраи фарҳангӣ,Medeni döwür,Madaniy davr,Scythian,скифская эпоха,塞西亚,Скиф дәуірі,Скиф доору,Давраи скифҳо,Skifler döwri,Skiflar,,,,,,,,,,,,,,,,,,,,,,,,,,,,,,,,,L1|Scythian|NA
98,CP-2-0071,2,CP-1-0016,First Scythian Kingdom,L2|First Scythian Kingdom|Scythian,True,c. 900-600 BCE,-900,-600,Cultural Period,Культурный период,文化时期,Мәдени кезең,Маданий мезгил,Давраи фарҳангӣ,Medeni döwür,Madaniy davr,Scythian,скифская эпоха,塞西亚,Скиф дәуірі,Скиф доору,Давраи скифҳо,Skifler döwri,Skiflar,First Scythian Kingdom,Первое скифское царство,塞西亚第一王国,Бірінші скиф патшалығы,Биринчи Скиф падышалыгы,Якумин шоҳигарии скифҳои,Birinji Skif patyşalygy,Birinchi skif podsholigi,,,,,,,,,,,,,,,,,,,,,,,,,L2|First Scythian Kingdom|Scythian
99,CP-2-0072,2,CP-1-0016,Second Scythian Kingdom,L2|Second Scythian Kingdom|Scythian,True,c. 600-300 BCE,-600,-300,Cultural Period,Культурный период,文化时期,Мәдени кезең,Маданий мезгил,Давраи фарҳангӣ,Medeni döwür,Madaniy davr,Scythian,скифская эпоха,塞西亚,Скиф дәуірі,Скиф доору,Давраи скифҳо,Skifler döwri,Skiflar,Second Scythian Kingdom,Второе скифское царство,塞西亚第二王国,Екінші скиф патшалығы,Экинчи Скиф падышалыгы,Дуввумин шоҳигарии скифҳои,Ikinji Skif patyşalygy,Ikkinchi skif podsholigi,,,,,,,,,,,,,,,,,,,,,,,,,L2|Second Scythian Kingdom|Scythian
100,CP-2-0073,2,CP-1-0016,Third Scythian Kingdom,L2|Third Scythian Kingdom|Scythian,True,c. 300 BCE -300 CE,-300,300,Cultural Period,Культурный период,文化时期,Мәдени кезең,Маданий мезгил,Давраи фарҳангӣ,Medeni döwür,Madaniy davr,Scythian,скифская эпоха,塞西亚,Скиф дәуірі,Скиф доору,Давраи скифҳо,Skifler döwri,Skiflar,Third Scythian Kingdom,Третье скифское царство,塞西亚第三王国,Үшінші скиф патшалығы,Үчүнчү Скиф падышалыгы,Саввумин шоҳигарии скифҳои,Üçünji Skif patyşalygy,Uchinchi skif podsholigi,,,,,,,,,,,,,,,,,,,,,,,,,L2|Third Scythian Kingdom|Scythian
101,CP-1-0013,1,,Saka period,L1|Saka period|NA,True,(late 9th - 2nd/1st centuries BCE),-875,0,Cultural Period,Культурный период,文化时期,Мәдени кезең,Маданий мезгил,Давраи фарҳангӣ,Medeni döwür,Madaniy davr,Saka period,Сакская эпоха,塞迦时期,Сақ дәуірі,Сак доору,Давраи сакоиҳо,Sakslar döwri,Saklar davri,,,,,,,,,,,,,,,,,,,,,,,,,,,,,,,,,L1|Saka period|NA
102,CP-2-0067,2,CP-1-0013,Tasmola culture,L2|Tasmola culture|Saka period,True,late 9th – 3rd centuries BCE,-875,-201,Cultural Period,Культурный период,文化时期,Мәдени кезең,Маданий мезгил,Давраи фарҳангӣ,Medeni döwür,Madaniy davr,Saka period,Сакская эпоха,塞迦时期,Сақ дәуірі,Сак доору,Давраи сакоиҳо,Sakslar döwri,Saklar davri,Tasmola culture,Тасмолинская культура,塔斯莫拉文化,Тасмола мәдениеті,Тасмолин маданияты,Маданияти тасмолинск,Tasmola medeniýeti,Tasmoʻla madaniyati,,,,,,,,,,,,,,,,,,,,,,,,,L2|Tasmola culture|Saka period
103,CP-2-0065,2,CP-1-0013,Pazyryk culture,L2|Pazyryk culture|Saka period,True,2nd half of the 6th – 3rd centuries BCE.,-550,-201,Cultural Period,Культурный период,文化时期,Мәдени кезең,Маданий мезгил,Давраи фарҳангӣ,Medeni döwür,Madaniy davr,Saka period,Сакская эпоха,塞迦时期,Сақ дәуірі,Сак доору,Давраи сакоиҳо,Sakslar döwri,Saklar davri,Pazyryk culture,Пазырыкская культура,巴泽雷克文化,Пазырық мәдениеті,Пазырык маданияты,Маданияти пазирик,Pazyryk medeniýeti,Poziriq madaniyati,,,,,,,,,,,,,,,,,,,,,,,,,L2|Pazyryk culture|Saka period
104,CP-2-0064,2,CP-1-0013,Mayemir stage of Early Iron Age of Altay and Eastern Kazakhstan,L2|Mayemir stage of Early Iron Age of Altay and Eastern Kazakhstan|Saka period,True,end of the 9th – 2nd-3rd quarter of the 6th century BCE,-800,-525,Cultural Period,Культурный период,文化时期,Мәдени кезең,Маданий мезгил,Давраи фарҳангӣ,Medeni döwür,Madaniy davr,Saka period,Сакская эпоха,塞迦时期,Сақ дәуірі,Сак доору,Давраи сакоиҳо,Sakslar döwri,Saklar davri,Mayemir stage of Early Iron Age of Altay and Eastern Kazakhstan,Майэмирский этап РЖВ Алтая и Восточного Казахстана,阿尔泰和哈萨克斯坦东部早期铁器时代的梅耶米尔阶段,Майэмир кезеңі (Алтай және Шығыс Қазақстан),Алтай жана Чыгыш Казакстан ЭТКнын Майэмир этабы,Марҳилаи Майемири асри оҳани Олтой ва Қазоқистони Шарқӣ,Altaýyň we Gündogar Gazagystanyň irki demir asyrynyň maýemir tapgyry,Oltoy va Sharqiy Qozog‘istonning ilk temir davri Mayemir bosqichi,,,,,,,,,,,,,,,,,,,,,,,,,L2|Mayemir stage of Early Iron Age of Altay and Eastern Kazakhstan|Saka period
105,CP-2-0063,2,CP-1-0013,Kulazhorgin stage of Early Iron Age of Altay and Eastern Kazakhstan,L2|Kulazhorgin stage of Early Iron Age of Altay and Eastern Kazakhstan|Saka period,True,3rd - 1st centuries BCE,-300,0,Cultural Period,Культурный период,文化时期,Мәдени кезең,Маданий мезгил,Давраи фарҳангӣ,Medeni döwür,Madaniy davr,Saka period,Сакская эпоха,塞迦时期,Сақ дәуірі,Сак доору,Давраи сакоиҳо,Sakslar döwri,Saklar davri,Kulazhorgin stage of Early Iron Age of Altay and Eastern Kazakhstan,Кулажоргинский этап РЖВ Алтая и Восточного Казахстана,阿尔泰和哈萨克斯坦东部早期铁时代的库拉佐金阶段,Құлажоргин кезеңі (Алтай және Шығыс Қазақстан),Алтай жана Чыгыш Казакстан ЭТКнын кулажорг этабы,Мархилаи Кулажоргини асри охани Олтой ва Қазоқистони Шарқӣ,Altaýyň we Gündogar Gazagystanyň irki demir asyrynyň Kulažorgin tapgyry,Oltoy va Sharqiy Qozog‘istonning ilk temir davri Kulojorgin bosqichi,,,,,,,,,,,,,,,,,,,,,,,,,L2|Kulazhorgin stage of Early Iron Age of Altay and Eastern Kazakhstan|Saka period
106,CP-2-0066,2,CP-1-0013,Saka culture of Aral Sea region,L2|Saka culture of Aral Sea region|Saka period,True,the end of the 9th – 6th centuries BCE,-825,-501,Cultural Period,Культурный период,文化时期,Мәдени кезең,Маданий мезгил,Давраи фарҳангӣ,Medeni döwür,Madaniy davr,Saka period,Сакская эпоха,塞迦时期,Сақ дәуірі,Сак доору,Давраи сакоиҳо,Sakslar döwri,Saklar davri,Saka culture of Aral Sea region,Сакская культура Приаралья,咸海萨卡文化,Сақтар мәдениеті (Арал маңы),Приаралья Сак маданияты,Маданияти сакоии назди Арал,Aral deňziniň sebitiniň Saks medeniýeti,Orolbo‘yi saklari madaniyati,,,,,,,,,,,,,,,,,,,,,,,,,L2|Saka culture of Aral Sea region|Saka period
107,CP-1-0015,1,,Sarmats/Sarmatians,L1|Sarmats/Sarmatians|NA,True,(4th century BCE – 4th century CE),-400,400,Cultural Period,Культурный период,文化时期,Мәдени кезең,Маданий мезгил,Давраи фарҳангӣ,Medeni döwür,Madaniy davr,Sarmats/Sarmatians,Сарматы,萨尔马提亚,Сарматтар,Сарматтар,Сарматҳо,Sarmatlar,Sarmatlar,,,,,,,,,,,,,,,,,,,,,,,,,,,,,,,,,L1|Sarmats/Sarmatians|NA
108,CP-2-0070,2,CP-1-0015,Prohorov (early-Sarmat) culture,L2|Prohorov (early-Sarmat) culture|Sarmats/Sarmatians,True,4th-2nd centuries BCE,-400,-201,Cultural Period,Культурный период,文化时期,Мәдени кезең,Маданий мезгил,Давраи фарҳангӣ,Medeni döwür,Madaniy davr,Sarmats/Sarmatians,Сарматы,萨尔马提亚,Сарматтар,Сарматтар,Сарматҳо,Sarmatlar,Sarmatlar,Prohorov (early-Sarmat) culture,Прохоровская (раннесарматская) культура,普罗霍洛夫（早期萨玛特）文化,Прохоров мәдениеті (Ерте сарматтық кезең),Прохоровская (Эрте-Сармат) маданияты,Маданияти Прохоров (сарматҳои ибтидоӣ),Prohorow (Irki Sarmat) medniýeti,Proxorovka (ilk sarmatlar) madaniyati,,,,,,,,,,,,,,,,,,,,,,,,,L2|Prohorov (early-Sarmat) culture|Sarmats/Sarmatians
109,CP-2-0069,2,CP-1-0015,Mid-Sarmat culture,L2|Mid-Sarmat culture|Sarmats/Sarmatians,True,2nd century BCE – 1st century CE,-200,100,Cultural Period,Культурный период,文化时期,Мәдени кезең,Маданий мезгил,Давраи фарҳангӣ,Medeni döwür,Madaniy davr,Sarmats/Sarmatians,Сарматы,萨尔马提亚,Сарматтар,Сарматтар,Сарматҳо,Sarmatlar,Sarmatlar,Mid-Sarmat culture,Среднесарматская культура,中期萨玛特文化,Орта сармат мәдениеті,Орто-Сармат маданияты,Маданияти сарматҳои миёна,Orta Sarmat medeniýeti,O‘rta sarmatlar madaniyati,,,,,,,,,,,,,,,,,,,,,,,,,L2|Mid-Sarmat culture|Sarmats/Sarmatians
110,CP-2-0068,2,CP-1-0015,Late-Sarmat culture,L2|Late-Sarmat culture|Sarmats/Sarmatians,True,2nd-4th centuries CE,200,400,Cultural Period,Культурный период,文化时期,Мәдени кезең,Маданий мезгил,Давраи фарҳангӣ,Medeni döwür,Madaniy davr,Sarmats/Sarmatians,Сарматы,萨尔马提亚,Сарматтар,Сарматтар,Сарматҳо,Sarmatlar,Sarmatlar,Late-Sarmat culture,Позднесарматская культура,晚期萨玛特文化,Кейінгі сармат мәдениеті,Кеч-Сармат маданияты,Маданияти сарматҳои дерин,Giçki Sarmat medeniýeti,So‘nggi sarmatlar madaniyati,,,,,,,,,,,,,,,,,,,,,,,,,L2|Late-Sarmat culture|Sarmats/Sarmatians
111,CP-1-0014,1,,Sargat culture (forest-steppe of the Western Siberia and Trans-Urals),L1|Sargat culture (forest-steppe of the Western Siberia and Trans-Urals)|NA,True,from 7th-6th centuries BCE to 3rd-5th centuries CE,-700,500,Cultural Period,Культурный период,文化时期,Мәдени кезең,Маданий мезгил,Давраи фарҳангӣ,Medeni döwür,Madaniy davr,Sargat culture (forest-steppe of the Western Siberia and Trans-Urals),Саргатская культура (лесостепь Западной Сибири и Зауралья) –,萨尔加特文化（西伯利亚西部和乌拉尔山脉的森林草原）,Сарғат мәдениеті (Батыс Сібір мен Оралдың орманды даласы),Саргат маданияты (Батыш Сибирдин жана Зауралдын токой талаасы),Маданияти Саргат (дашту чангалҳои Сибири Ғарбӣ ва Транс-Урал),Sargat medeniýeti (Günbatar Sibiriň we Trans-Uralyň tokaý sährasy),Sargat madaniyati (G‘arbiy Sibir va Uralorti o‘rmon-dasht hududlari),,,,,,,,,,,,,,,,,,,,,,,,,,,,,,,,,L1|Sargat culture (forest-steppe of the Western Siberia and Trans-Urals)|NA
112,CP-1-0004,1,,Early state formations,L1|Early state formations|NA,True,2nd century BCE – 5th century CE),-200,500,Cultural Period,Культурный период,文化时期,Мәдени кезең,Маданий мезгил,Давраи фарҳангӣ,Medeni döwür,Madaniy davr,Early state formations,Ранние государственные образования,早期状态形成,Ерте мемлекеттік құрылымдар,Алгачкы мамлекеттик түзүмдөр,Ташкили давлатҳои ибтидоӣ,Irki döwlet düzümleri,Ilk davlatchilik shakllari,,,,,,,,,,,,,,,,,,,,,,,,,,,,,,,,,L1|Early state formations|NA
113,CP-2-0016,2,CP-1-0004,Kangyuy,L2|Kangyuy|Early state formations,True,2nd century BCE – 5th century CE,-200,500,Cultural Period,Культурный период,文化时期,Мәдени кезең,Маданий мезгил,Давраи фарҳангӣ,Medeni döwür,Madaniy davr,Early state formations,Ранние государственные образования,早期状态形成,Ерте мемлекеттік құрылымдар,Алгачкы мамлекеттик түзүмдөр,Ташкили давлатҳои ибтидоӣ,Irki döwlet düzümleri,Ilk davlatchilik shakllari,Kangyuy,Кангюй,甘珠尔,Кангюй,Кангуй,Кангюй,Kangýuý,Qang‘,,,,,,,,,,,,,,,,,,,,,,,,,L2|Kangyuy|Early state formations
114,CP-2-0017,2,CP-1-0004,Usun,L2|Usun|Early state formations,True,2nd century BCE – 5th century CE,-200,500,Cultural Period,Культурный период,文化时期,Мәдени кезең,Маданий мезгил,Давраи фарҳангӣ,Medeni döwür,Madaniy davr,Early state formations,Ранние государственные образования,早期状态形成,Ерте мемлекеттік құрылымдар,Алгачкы мамлекеттик түзүмдөр,Ташкили давлатҳои ибтидоӣ,Irki döwlet düzümleri,Ilk davlatchilik shakllari,Usun,Усунь,乌孙,Үйсіндер,Усун,Усун,Usun,Usun,,,,,,,,,,,,,,,,,,,,,,,,,L2|Usun|Early state formations
115,CP-1-0017,1,,Sedentary-agricultural cultures of the South-Eastern Aral Sea region,L1|Sedentary-agricultural cultures of the South-Eastern Aral Sea region|NA,True,7th-6th centuries of BCE – 7th-8th centuries CE,-700,800,Cultural Period,Культурный период,文化时期,Мәдени кезең,Маданий мезгил,Давраи фарҳангӣ,Medeni döwür,Madaniy davr,Sedentary-agricultural cultures of the South-Eastern Aral Sea region,Оседло-земледельческие культуры Юго-Восточного Приаралья,东南咸海地区的长期单一种植农业文化,Отырықшы-егіншілік мәдениеттер (Арал маңының оңтүстік-шығысы),Түштүк-Чыгыш Приаралланын отурукташуу жана дыйканчылык маданияттары,Маданиятҳои кишоварзи минтақаҳои ҷанубу шарқии назди Арал,Günorta-Gündogar Aral deňziniň sebitleýin oturymly oba hojalygy medeniýetleri,Janubi-sharqiy Orolbo‘yi o‘troq-dehqonlar madaniyati,,,,,,,,,,,,,,,,,,,,,,,,,,,,,,,,,L1|Sedentary-agricultural cultures of the South-Eastern Aral Sea region|NA
116,CP-2-0074,2,CP-1-0017,Chrikirabad culture,L2|Chrikirabad culture|Sedentary-agricultural cultures of the South-Eastern Aral Sea region,True,4th-2nd centuries BCE,-400,-101,Cultural Period,Культурный период,文化时期,Мәдени кезең,Маданий мезгил,Давраи фарҳангӣ,Medeni döwür,Madaniy davr,Sedentary-agricultural cultures of the South-Eastern Aral Sea region,Оседло-земледельческие культуры Юго-Восточного Приаралья,东南咸海地区的长期单一种植农业文化,Отырықшы-егіншілік мәдениеттер (Арал маңының оңтүстік-шығысы),Түштүк-Чыгыш Приаралланын отурукташуу жана дыйканчылык маданияттары,Маданиятҳои кишоварзи минтақаҳои ҷанубу шарқии назди Арал,Günorta-Gündogar Aral deňziniň sebitleýin oturymly oba hojalygy medeniýetleri,Janubi-sharqiy Orolbo‘yi o‘troq-dehqonlar madaniyati,Chrikirabad culture,Чирикрабатская культура,,Шірік-Рабат мәдениеті,Чирикрабат маданияты,Маданияти Чирикработ,Çrikirabad medeniýeti,Chirikrabot madaniyati,,,,,,,,,,,,,,,,,,,,,,,,,L2|Chrikirabad culture|Sedentary-agricultural cultures of the South-Eastern Aral Sea region
117,CP-2-0075,2,CP-1-0017,Zhetyasar culture,L2|Zhetyasar culture|Sedentary-agricultural cultures of the South-Eastern Aral Sea region,True,7th c BCE - 8th century CE,-700,800,Cultural Period,Культурный период,文化时期,Мәдени кезең,Маданий мезгил,Давраи фарҳангӣ,Medeni döwür,Madaniy davr,Sedentary-agricultural cultures of the South-Eastern Aral Sea region,Оседло-земледельческие культуры Юго-Восточного Приаралья,东南咸海地区的长期单一种植农业文化,Отырықшы-егіншілік мәдениеттер (Арал маңының оңтүстік-шығысы),Түштүк-Чыгыш Приаралланын отурукташуу жана дыйканчылык маданияттары,Маданиятҳои кишоварзи минтақаҳои ҷанубу шарқии назди Арал,Günorta-Gündogar Aral deňziniň sebitleýin oturymly oba hojalygy medeniýetleri,Janubi-sharqiy Orolbo‘yi o‘troq-dehqonlar madaniyati,Zhetyasar culture,Джетыасарская культура,七河地区文化,Жетіасар мәдениеті,Жетисар маданияты,Маданияти Ҷетиасар,Žetyasar medeniýeti,,,,,,,,,,"Early Iron Age: 7th-6th – 4th-3rd/2nd centuries BCE), Parthian-Sarmat period: 4th-3rd/2nd centuries BCE – 3rd-4th centuries CE, Sasanian and Early-Medieval (Pre-Islamic) period 3rd-4th – 7th-8th centuries CE","ранний железный век: VII-VI – IV-III/II вв .до н.э.), парфяно-сарматское время: IV-III/II вв до н.э. – III-IV вв. н.э., сасанидское и раннесредневековое (доисламское) время III-IV – VII-VIII вв. н.э.",早期铁器时代：公元前2/3-4-6-7世纪. 帕提亚和萨尔马提亚时期：公元前2-4世纪-公元前3-4世纪. 萨珊和早期中世纪时代（伊斯兰时期之前）：公元前3-4-7-8世纪,"Эрте темир доору: VII-VI-IV-III/II-кылымдар б.з.ч.), Парфян-сармат доору: IV-III/II-кылымдар б.з.ч. –III-IV кылымдар б.з, Сасанид жана орто кылымдын башында (исламга чейинки) III-IV-VII-VIII кылымдар б.з.","Асри аввали оҳан: асрҳои VII-VI – IV-III/II пеш аз милод), давраи порту-сармат: асрҳои IV-III/II пеш аз милод – асрҳои III-IV милодӣ, сосониён ва асри миёна (тоисломӣ) – III-IV – VII-VIII-уми милодӣ.","Irki Demir döwri: b.e.öň VII-VI asyrlardan - IV-III/II asyrlar aralygy), Parfiýa-Sarmat döwri: b.e.öň IV-III/II asyrdan -b.e. III-IV asyrlar aralygy, Sasanylar we Irki orta asyrlar (Yslamdan öňki) döwürler b.e. III-IV asyrdan - VII-VIII asyrlar aralygy","Ilk temir davri: miloddan avvalgi VII-VI-IV-III/II asrlar), Parfiya-sarmat davri: miloddan avvalgi IV-III/II asrlar - milodiy III-IV asrlar, Sosoniylar va ilk oʻrta asrlar (islomgacha boʻlgan davr) III-IV – VII-VIII asrlar.",,,,,,,,,,L2|Zhetyasar culture|Sedentary-agricultural cultures of the South-Eastern Aral Sea region
118,CP-1-0018,1,,Uncertain,L1|Uncertain|NA,True,,,,Cultural Period,Культурный период,文化时期,Мәдени кезең,Маданий мезгил,Давраи фарҳангӣ,Medeni döwür,Madaniy davr,Uncertain,недостоверный,待定,Шүбәсіз емес / Дәлелденбеген,Анык эмес,номуайян,Näbelli,ishonchsiz/noaniq,,,,,,,,,,,,,,,,,,,,,,,,,,,,,,,,,L1|Uncertain|NA
